cell_id,year,count,lat_idx,lon_idx,lat_center,lon_center
0_0,2000,23,0,0,25.0,123.0
0_0,2001,32,0,0,25.0,123.0
0_0,2002,114,0,0,25.0,123.0
0_0,2003,33,0,0,25.0,123.0
0_0,2004,39,0,0,25.0,123.0
0_0,2005,56,0,0,25.0,123.0
0_0,2006,55,0,0,25.0,123.0
0_0,2007,41,0,0,25.0,123.0
0_0,2008,35,0,0,25.0,123.0
0_0,2009,32,0,0,25.0,123.0
0_0,2010,29,0,0,25.0,123.0
0_0,2011,29,0,0,25.0,123.0
0_0,2012,30,0,0,25.0,123.0
0_0,2013,105,0,0,25.0,123.0
0_0,2014,46,0,0,25.0,123.0
0_0,2015,57,0,0,25.0,123.0
0_0,2016,36,0,0,25.0,123.0
0_0,2017,36,0,0,25.0,123.0
0_0,2018,33,0,0,25.0,123.0
0_0,2019,26,0,0,25.0,123.0
0_0,2020,91,0,0,25.0,123.0
0_0,2021,144,0,0,25.0,123.0
0_0,2022,36,0,0,25.0,123.0
0_0,2023,37,0,0,25.0,123.0
0_1,2000,8,0,1,25.0,125.0
0_1,2001,12,0,1,25.0,125.0
0_1,2002,29,0,1,25.0,125.0
0_1,2003,4,0,1,25.0,125.0
0_1,2004,9,0,1,25.0,125.0
0_1,2005,8,0,1,25.0,125.0
0_1,2006,15,0,1,25.0,125.0
0_1,2007,44,0,1,25.0,125.0
0_1,2008,24,0,1,25.0,125.0
0_1,2009,17,0,1,25.0,125.0
0_1,2010,21,0,1,25.0,125.0
0_1,2011,11,0,1,25.0,125.0
0_1,2012,9,0,1,25.0,125.0
0_1,2013,19,0,1,25.0,125.0
0_1,2014,22,0,1,25.0,125.0
0_1,2015,15,0,1,25.0,125.0
0_1,2016,25,0,1,25.0,125.0
0_1,2017,13,0,1,25.0,125.0
0_1,2018,9,0,1,25.0,125.0
0_1,2019,25,0,1,25.0,125.0
0_1,2020,22,0,1,25.0,125.0
0_1,2021,19,0,1,25.0,125.0
0_1,2022,20,0,1,25.0,125.0
0_1,2023,34,0,1,25.0,125.0
0_10,2000,2,0,10,25.0,143.0
0_10,2001,6,0,10,25.0,143.0
0_10,2002,2,0,10,25.0,143.0
0_10,2003,6,0,10,25.0,143.0
0_10,2004,14,0,10,25.0,143.0
0_10,2005,3,0,10,25.0,143.0
0_10,2006,9,0,10,25.0,143.0
0_10,2007,8,0,10,25.0,143.0
0_10,2008,18,0,10,25.0,143.0
0_10,2009,6,0,10,25.0,143.0
0_10,2010,2,0,10,25.0,143.0
0_10,2011,29,0,10,25.0,143.0
0_10,2012,10,0,10,25.0,143.0
0_10,2013,2,0,10,25.0,143.0
0_10,2014,6,0,10,25.0,143.0
0_10,2015,18,0,10,25.0,143.0
0_10,2016,11,0,10,25.0,143.0
0_10,2017,15,0,10,25.0,143.0
0_10,2018,5,0,10,25.0,143.0
0_10,2019,12,0,10,25.0,143.0
0_10,2020,17,0,10,25.0,143.0
0_10,2021,10,0,10,25.0,143.0
0_10,2022,4,0,10,25.0,143.0
0_10,2023,32,0,10,25.0,143.0
0_11,2003,1,0,11,25.0,145.0
0_11,2005,1,0,11,25.0,145.0
0_11,2007,1,0,11,25.0,145.0
0_11,2011,1,0,11,25.0,145.0
0_11,2012,5,0,11,25.0,145.0
0_11,2013,1,0,11,25.0,145.0
0_11,2014,2,0,11,25.0,145.0
0_11,2015,2,0,11,25.0,145.0
0_11,2019,3,0,11,25.0,145.0
0_11,2021,3,0,11,25.0,145.0
0_2,2000,7,0,2,25.0,127.0
0_2,2001,13,0,2,25.0,127.0
0_2,2002,4,0,2,25.0,127.0
0_2,2003,2,0,2,25.0,127.0
0_2,2004,11,0,2,25.0,127.0
0_2,2005,8,0,2,25.0,127.0
0_2,2006,8,0,2,25.0,127.0
0_2,2007,11,0,2,25.0,127.0
0_2,2008,13,0,2,25.0,127.0
0_2,2009,11,0,2,25.0,127.0
0_2,2010,7,0,2,25.0,127.0
0_2,2011,4,0,2,25.0,127.0
0_2,2012,23,0,2,25.0,127.0
0_2,2013,9,0,2,25.0,127.0
0_2,2014,7,0,2,25.0,127.0
0_2,2015,9,0,2,25.0,127.0
0_2,2016,14,0,2,25.0,127.0
0_2,2017,20,0,2,25.0,127.0
0_2,2018,6,0,2,25.0,127.0
0_2,2019,8,0,2,25.0,127.0
0_2,2020,9,0,2,25.0,127.0
0_2,2021,17,0,2,25.0,127.0
0_2,2022,13,0,2,25.0,127.0
0_2,2023,8,0,2,25.0,127.0
0_3,2000,3,0,3,25.0,129.0
0_3,2001,2,0,3,25.0,129.0
0_3,2002,4,0,3,25.0,129.0
0_3,2003,3,0,3,25.0,129.0
0_3,2004,7,0,3,25.0,129.0
0_3,2005,5,0,3,25.0,129.0
0_3,2006,4,0,3,25.0,129.0
0_3,2007,6,0,3,25.0,129.0
0_3,2008,9,0,3,25.0,129.0
0_3,2009,6,0,3,25.0,129.0
0_3,2010,64,0,3,25.0,129.0
0_3,2011,15,0,3,25.0,129.0
0_3,2012,10,0,3,25.0,129.0
0_3,2013,2,0,3,25.0,129.0
0_3,2014,4,0,3,25.0,129.0
0_3,2015,8,0,3,25.0,129.0
0_3,2016,7,0,3,25.0,129.0
0_3,2017,1,0,3,25.0,129.0
0_3,2018,7,0,3,25.0,129.0
0_3,2019,12,0,3,25.0,129.0
0_3,2020,4,0,3,25.0,129.0
0_3,2021,9,0,3,25.0,129.0
0_3,2022,9,0,3,25.0,129.0
0_3,2023,23,0,3,25.0,129.0
0_4,2010,3,0,4,25.0,131.0
0_4,2014,1,0,4,25.0,131.0
0_4,2017,1,0,4,25.0,131.0
0_4,2018,3,0,4,25.0,131.0
0_6,2011,1,0,6,25.0,135.0
0_6,2012,1,0,6,25.0,135.0
0_7,2011,1,0,7,25.0,137.0
0_8,2005,1,0,8,25.0,139.0
0_8,2014,1,0,8,25.0,139.0
0_9,2000,2,0,9,25.0,141.0
0_9,2001,6,0,9,25.0,141.0
0_9,2002,6,0,9,25.0,141.0
0_9,2003,6,0,9,25.0,141.0
0_9,2004,10,0,9,25.0,141.0
0_9,2005,9,0,9,25.0,141.0
0_9,2006,9,0,9,25.0,141.0
0_9,2007,11,0,9,25.0,141.0
0_9,2008,16,0,9,25.0,141.0
0_9,2009,9,0,9,25.0,141.0
0_9,2010,15,0,9,25.0,141.0
0_9,2011,5,0,9,25.0,141.0
0_9,2012,6,0,9,25.0,141.0
0_9,2013,7,0,9,25.0,141.0
0_9,2014,15,0,9,25.0,141.0
0_9,2015,18,0,9,25.0,141.0
0_9,2016,11,0,9,25.0,141.0
0_9,2017,15,0,9,25.0,141.0
0_9,2018,13,0,9,25.0,141.0
0_9,2019,11,0,9,25.0,141.0
0_9,2020,9,0,9,25.0,141.0
0_9,2021,12,0,9,25.0,141.0
0_9,2022,9,0,9,25.0,141.0
0_9,2023,11,0,9,25.0,141.0
10_0,2009,1,10,0,45.0,123.0
10_0,2013,1,10,0,45.0,123.0
10_0,2015,1,10,0,45.0,123.0
10_1,2006,1,10,1,45.0,125.0
10_1,2013,8,10,1,45.0,125.0
10_1,2014,1,10,1,45.0,125.0
10_1,2015,2,10,1,45.0,125.0
10_1,2017,2,10,1,45.0,125.0
10_1,2018,3,10,1,45.0,125.0
10_1,2019,1,10,1,45.0,125.0
10_1,2021,1,10,1,45.0,125.0
10_10,2000,7,10,10,45.0,143.0
10_10,2001,1,10,10,45.0,143.0
10_10,2002,6,10,10,45.0,143.0
10_10,2003,3,10,10,45.0,143.0
10_10,2004,3,10,10,45.0,143.0
10_10,2005,5,10,10,45.0,143.0
10_10,2006,4,10,10,45.0,143.0
10_10,2007,7,10,10,45.0,143.0
10_10,2008,5,10,10,45.0,143.0
10_10,2009,4,10,10,45.0,143.0
10_10,2010,1,10,10,45.0,143.0
10_10,2011,3,10,10,45.0,143.0
10_10,2012,8,10,10,45.0,143.0
10_10,2013,7,10,10,45.0,143.0
10_10,2014,4,10,10,45.0,143.0
10_10,2015,5,10,10,45.0,143.0
10_10,2016,3,10,10,45.0,143.0
10_10,2017,2,10,10,45.0,143.0
10_10,2018,2,10,10,45.0,143.0
10_10,2019,3,10,10,45.0,143.0
10_10,2020,1,10,10,45.0,143.0
10_10,2021,3,10,10,45.0,143.0
10_10,2022,8,10,10,45.0,143.0
10_10,2023,4,10,10,45.0,143.0
10_11,2001,1,10,11,45.0,145.0
10_11,2002,1,10,11,45.0,145.0
10_11,2003,3,10,11,45.0,145.0
10_11,2004,3,10,11,45.0,145.0
10_11,2006,1,10,11,45.0,145.0
10_11,2007,2,10,11,45.0,145.0
10_11,2008,4,10,11,45.0,145.0
10_11,2009,2,10,11,45.0,145.0
10_11,2011,4,10,11,45.0,145.0
10_11,2012,3,10,11,45.0,145.0
10_11,2013,2,10,11,45.0,145.0
10_11,2016,1,10,11,45.0,145.0
10_11,2018,7,10,11,45.0,145.0
10_11,2019,2,10,11,45.0,145.0
10_11,2020,1,10,11,45.0,145.0
10_11,2021,3,10,11,45.0,145.0
10_11,2022,1,10,11,45.0,145.0
10_11,2023,2,10,11,45.0,145.0
10_12,2000,9,10,12,45.0,147.0
10_12,2001,9,10,12,45.0,147.0
10_12,2002,19,10,12,45.0,147.0
10_12,2003,11,10,12,45.0,147.0
10_12,2004,17,10,12,45.0,147.0
10_12,2005,13,10,12,45.0,147.0
10_12,2006,13,10,12,45.0,147.0
10_12,2007,20,10,12,45.0,147.0
10_12,2008,14,10,12,45.0,147.0
10_12,2009,7,10,12,45.0,147.0
10_12,2010,4,10,12,45.0,147.0
10_12,2011,9,10,12,45.0,147.0
10_12,2012,7,10,12,45.0,147.0
10_12,2013,10,10,12,45.0,147.0
10_12,2014,10,10,12,45.0,147.0
10_12,2015,20,10,12,45.0,147.0
10_12,2016,11,10,12,45.0,147.0
10_12,2017,19,10,12,45.0,147.0
10_12,2018,9,10,12,45.0,147.0
10_12,2019,10,10,12,45.0,147.0
10_12,2020,20,10,12,45.0,147.0
10_12,2021,22,10,12,45.0,147.0
10_12,2022,19,10,12,45.0,147.0
10_12,2023,10,10,12,45.0,147.0
10_13,2000,32,10,13,45.0,149.0
10_13,2001,53,10,13,45.0,149.0
10_13,2002,40,10,13,45.0,149.0
10_13,2003,26,10,13,45.0,149.0
10_13,2004,26,10,13,45.0,149.0
10_13,2005,20,10,13,45.0,149.0
10_13,2006,27,10,13,45.0,149.0
10_13,2007,55,10,13,45.0,149.0
10_13,2008,46,10,13,45.0,149.0
10_13,2009,14,10,13,45.0,149.0
10_13,2010,25,10,13,45.0,149.0
10_13,2011,11,10,13,45.0,149.0
10_13,2012,12,10,13,45.0,149.0
10_13,2013,33,10,13,45.0,149.0
10_13,2014,39,10,13,45.0,149.0
10_13,2015,22,10,13,45.0,149.0
10_13,2016,18,10,13,45.0,149.0
10_13,2017,21,10,13,45.0,149.0
10_13,2018,57,10,13,45.0,149.0
10_13,2019,16,10,13,45.0,149.0
10_13,2020,26,10,13,45.0,149.0
10_13,2021,27,10,13,45.0,149.0
10_13,2022,46,10,13,45.0,149.0
10_13,2023,49,10,13,45.0,149.0
10_14,2000,13,10,14,45.0,151.0
10_14,2001,7,10,14,45.0,151.0
10_14,2002,10,10,14,45.0,151.0
10_14,2003,20,10,14,45.0,151.0
10_14,2004,13,10,14,45.0,151.0
10_14,2005,13,10,14,45.0,151.0
10_14,2006,14,10,14,45.0,151.0
10_14,2007,11,10,14,45.0,151.0
10_14,2008,24,10,14,45.0,151.0
10_14,2009,12,10,14,45.0,151.0
10_14,2010,19,10,14,45.0,151.0
10_14,2011,9,10,14,45.0,151.0
10_14,2012,45,10,14,45.0,151.0
10_14,2013,31,10,14,45.0,151.0
10_14,2014,16,10,14,45.0,151.0
10_14,2015,19,10,14,45.0,151.0
10_14,2016,8,10,14,45.0,151.0
10_14,2017,13,10,14,45.0,151.0
10_14,2018,17,10,14,45.0,151.0
10_14,2019,16,10,14,45.0,151.0
10_14,2020,5,10,14,45.0,151.0
10_14,2021,12,10,14,45.0,151.0
10_14,2022,17,10,14,45.0,151.0
10_14,2023,13,10,14,45.0,151.0
10_15,2001,2,10,15,45.0,153.0
10_15,2003,3,10,15,45.0,153.0
10_15,2004,1,10,15,45.0,153.0
10_15,2005,1,10,15,45.0,153.0
10_15,2006,16,10,15,45.0,153.0
10_15,2007,35,10,15,45.0,153.0
10_15,2008,7,10,15,45.0,153.0
10_15,2009,3,10,15,45.0,153.0
10_15,2010,6,10,15,45.0,153.0
10_15,2011,2,10,15,45.0,153.0
10_15,2012,5,10,15,45.0,153.0
10_15,2013,2,10,15,45.0,153.0
10_15,2014,3,10,15,45.0,153.0
10_15,2015,2,10,15,45.0,153.0
10_15,2016,8,10,15,45.0,153.0
10_15,2017,4,10,15,45.0,153.0
10_15,2018,3,10,15,45.0,153.0
10_15,2019,3,10,15,45.0,153.0
10_15,2020,2,10,15,45.0,153.0
10_15,2021,1,10,15,45.0,153.0
10_15,2022,5,10,15,45.0,153.0
10_15,2023,3,10,15,45.0,153.0
10_3,2002,1,10,3,45.0,129.0
10_3,2016,1,10,3,45.0,129.0
10_4,2013,1,10,4,45.0,131.0
10_4,2022,1,10,4,45.0,131.0
10_5,2003,1,10,5,45.0,133.0
10_5,2014,1,10,5,45.0,133.0
10_6,2006,1,10,6,45.0,135.0
10_7,2002,1,10,7,45.0,137.0
10_7,2004,2,10,7,45.0,137.0
10_7,2005,2,10,7,45.0,137.0
10_7,2006,1,10,7,45.0,137.0
10_7,2007,2,10,7,45.0,137.0
10_7,2008,1,10,7,45.0,137.0
10_7,2009,1,10,7,45.0,137.0
10_7,2013,1,10,7,45.0,137.0
10_7,2017,1,10,7,45.0,137.0
10_7,2018,1,10,7,45.0,137.0
10_8,2000,4,10,8,45.0,139.0
10_8,2001,1,10,8,45.0,139.0
10_8,2002,2,10,8,45.0,139.0
10_8,2003,2,10,8,45.0,139.0
10_8,2008,1,10,8,45.0,139.0
10_8,2011,1,10,8,45.0,139.0
10_8,2014,1,10,8,45.0,139.0
10_8,2016,1,10,8,45.0,139.0
10_8,2017,1,10,8,45.0,139.0
10_8,2018,1,10,8,45.0,139.0
10_8,2019,3,10,8,45.0,139.0
10_9,2000,2,10,9,45.0,141.0
10_9,2001,3,10,9,45.0,141.0
10_9,2002,4,10,9,45.0,141.0
10_9,2003,2,10,9,45.0,141.0
10_9,2004,5,10,9,45.0,141.0
10_9,2005,6,10,9,45.0,141.0
10_9,2006,2,10,9,45.0,141.0
10_9,2007,3,10,9,45.0,141.0
10_9,2010,3,10,9,45.0,141.0
10_9,2011,1,10,9,45.0,141.0
10_9,2012,1,10,9,45.0,141.0
10_9,2013,4,10,9,45.0,141.0
10_9,2014,6,10,9,45.0,141.0
10_9,2015,3,10,9,45.0,141.0
10_9,2016,5,10,9,45.0,141.0
10_9,2017,6,10,9,45.0,141.0
10_9,2018,2,10,9,45.0,141.0
10_9,2019,1,10,9,45.0,141.0
10_9,2020,4,10,9,45.0,141.0
10_9,2021,3,10,9,45.0,141.0
10_9,2022,6,10,9,45.0,141.0
10_9,2023,5,10,9,45.0,141.0
11_0,2008,1,11,0,47.0,123.0
11_0,2019,1,11,0,47.0,123.0
11_1,2005,1,11,1,47.0,125.0
11_1,2009,1,11,1,47.0,125.0
11_10,2000,3,11,10,47.0,143.0
11_10,2001,13,11,10,47.0,143.0
11_10,2002,4,11,10,47.0,143.0
11_10,2003,3,11,10,47.0,143.0
11_10,2004,4,11,10,47.0,143.0
11_10,2005,2,11,10,47.0,143.0
11_10,2006,2,11,10,47.0,143.0
11_10,2007,6,11,10,47.0,143.0
11_10,2008,2,11,10,47.0,143.0
11_10,2009,2,11,10,47.0,143.0
11_10,2011,2,11,10,47.0,143.0
11_10,2013,1,11,10,47.0,143.0
11_10,2014,2,11,10,47.0,143.0
11_10,2015,1,11,10,47.0,143.0
11_10,2016,1,11,10,47.0,143.0
11_10,2017,7,11,10,47.0,143.0
11_10,2019,2,11,10,47.0,143.0
11_10,2020,2,11,10,47.0,143.0
11_10,2021,1,11,10,47.0,143.0
11_10,2022,2,11,10,47.0,143.0
11_11,2000,4,11,11,47.0,145.0
11_11,2001,4,11,11,47.0,145.0
11_11,2002,2,11,11,47.0,145.0
11_11,2003,2,11,11,47.0,145.0
11_11,2004,4,11,11,47.0,145.0
11_11,2005,1,11,11,47.0,145.0
11_11,2006,5,11,11,47.0,145.0
11_11,2007,1,11,11,47.0,145.0
11_11,2008,1,11,11,47.0,145.0
11_11,2009,2,11,11,47.0,145.0
11_11,2010,1,11,11,47.0,145.0
11_11,2011,3,11,11,47.0,145.0
11_11,2013,3,11,11,47.0,145.0
11_11,2014,2,11,11,47.0,145.0
11_11,2015,3,11,11,47.0,145.0
11_11,2017,2,11,11,47.0,145.0
11_11,2018,2,11,11,47.0,145.0
11_11,2019,4,11,11,47.0,145.0
11_11,2020,3,11,11,47.0,145.0
11_11,2021,3,11,11,47.0,145.0
11_11,2022,3,11,11,47.0,145.0
11_11,2023,4,11,11,47.0,145.0
11_12,2000,3,11,12,47.0,147.0
11_12,2001,4,11,12,47.0,147.0
11_12,2002,5,11,12,47.0,147.0
11_12,2003,1,11,12,47.0,147.0
11_12,2004,2,11,12,47.0,147.0
11_12,2005,5,11,12,47.0,147.0
11_12,2006,6,11,12,47.0,147.0
11_12,2007,3,11,12,47.0,147.0
11_12,2008,3,11,12,47.0,147.0
11_12,2010,2,11,12,47.0,147.0
11_12,2011,8,11,12,47.0,147.0
11_12,2012,2,11,12,47.0,147.0
11_12,2013,1,11,12,47.0,147.0
11_12,2014,7,11,12,47.0,147.0
11_12,2015,3,11,12,47.0,147.0
11_12,2016,9,11,12,47.0,147.0
11_12,2017,4,11,12,47.0,147.0
11_12,2018,8,11,12,47.0,147.0
11_12,2019,1,11,12,47.0,147.0
11_12,2020,3,11,12,47.0,147.0
11_12,2021,4,11,12,47.0,147.0
11_12,2022,7,11,12,47.0,147.0
11_12,2023,4,11,12,47.0,147.0
11_13,2000,2,11,13,47.0,149.0
11_13,2001,4,11,13,47.0,149.0
11_13,2002,2,11,13,47.0,149.0
11_13,2003,3,11,13,47.0,149.0
11_13,2004,9,11,13,47.0,149.0
11_13,2005,1,11,13,47.0,149.0
11_13,2006,2,11,13,47.0,149.0
11_13,2007,4,11,13,47.0,149.0
11_13,2008,2,11,13,47.0,149.0
11_13,2009,2,11,13,47.0,149.0
11_13,2010,2,11,13,47.0,149.0
11_13,2011,1,11,13,47.0,149.0
11_13,2012,4,11,13,47.0,149.0
11_13,2013,3,11,13,47.0,149.0
11_13,2014,2,11,13,47.0,149.0
11_13,2015,2,11,13,47.0,149.0
11_13,2016,6,11,13,47.0,149.0
11_13,2017,4,11,13,47.0,149.0
11_13,2018,3,11,13,47.0,149.0
11_13,2019,5,11,13,47.0,149.0
11_13,2020,2,11,13,47.0,149.0
11_13,2021,1,11,13,47.0,149.0
11_13,2022,4,11,13,47.0,149.0
11_13,2023,5,11,13,47.0,149.0
11_14,2000,9,11,14,47.0,151.0
11_14,2001,8,11,14,47.0,151.0
11_14,2002,7,11,14,47.0,151.0
11_14,2003,1,11,14,47.0,151.0
11_14,2004,4,11,14,47.0,151.0
11_14,2005,10,11,14,47.0,151.0
11_14,2006,16,11,14,47.0,151.0
11_14,2007,7,11,14,47.0,151.0
11_14,2008,9,11,14,47.0,151.0
11_14,2009,26,11,14,47.0,151.0
11_14,2010,7,11,14,47.0,151.0
11_14,2011,6,11,14,47.0,151.0
11_14,2012,5,11,14,47.0,151.0
11_14,2013,10,11,14,47.0,151.0
11_14,2014,11,11,14,47.0,151.0
11_14,2015,11,11,14,47.0,151.0
11_14,2016,19,11,14,47.0,151.0
11_14,2017,13,11,14,47.0,151.0
11_14,2018,10,11,14,47.0,151.0
11_14,2019,10,11,14,47.0,151.0
11_14,2020,9,11,14,47.0,151.0
11_14,2021,15,11,14,47.0,151.0
11_14,2022,7,11,14,47.0,151.0
11_14,2023,10,11,14,47.0,151.0
11_15,2000,17,11,15,47.0,153.0
11_15,2001,17,11,15,47.0,153.0
11_15,2002,22,11,15,47.0,153.0
11_15,2003,33,11,15,47.0,153.0
11_15,2004,30,11,15,47.0,153.0
11_15,2005,37,11,15,47.0,153.0
11_15,2006,410,11,15,47.0,153.0
11_15,2007,210,11,15,47.0,153.0
11_15,2008,115,11,15,47.0,153.0
11_15,2009,26,11,15,47.0,153.0
11_15,2010,34,11,15,47.0,153.0
11_15,2011,30,11,15,47.0,153.0
11_15,2012,18,11,15,47.0,153.0
11_15,2013,27,11,15,47.0,153.0
11_15,2014,44,11,15,47.0,153.0
11_15,2015,30,11,15,47.0,153.0
11_15,2016,39,11,15,47.0,153.0
11_15,2017,23,11,15,47.0,153.0
11_15,2018,31,11,15,47.0,153.0
11_15,2019,37,11,15,47.0,153.0
11_15,2020,36,11,15,47.0,153.0
11_15,2021,38,11,15,47.0,153.0
11_15,2022,55,11,15,47.0,153.0
11_15,2023,52,11,15,47.0,153.0
11_3,2018,1,11,3,47.0,129.0
11_4,2010,1,11,4,47.0,131.0
11_4,2022,1,11,4,47.0,131.0
11_7,2015,1,11,7,47.0,137.0
11_7,2019,1,11,7,47.0,137.0
11_7,2021,1,11,7,47.0,137.0
11_8,2003,2,11,8,47.0,139.0
11_8,2004,1,11,8,47.0,139.0
11_8,2006,1,11,8,47.0,139.0
11_8,2012,1,11,8,47.0,139.0
11_8,2013,1,11,8,47.0,139.0
11_9,2002,1,11,9,47.0,141.0
11_9,2005,1,11,9,47.0,141.0
11_9,2006,2,11,9,47.0,141.0
11_9,2007,33,11,9,47.0,141.0
11_9,2008,3,11,9,47.0,141.0
11_9,2010,2,11,9,47.0,141.0
11_9,2012,1,11,9,47.0,141.0
11_9,2013,3,11,9,47.0,141.0
11_9,2014,1,11,9,47.0,141.0
11_9,2016,2,11,9,47.0,141.0
12_0,2008,1,12,0,49.0,123.0
12_0,2013,1,12,0,49.0,123.0
12_0,2014,1,12,0,49.0,123.0
12_1,2011,1,12,1,49.0,125.0
12_1,2013,1,12,1,49.0,125.0
12_1,2020,1,12,1,49.0,125.0
12_10,2000,25,12,10,49.0,143.0
12_10,2001,7,12,10,49.0,143.0
12_10,2002,2,12,10,49.0,143.0
12_10,2003,5,12,10,49.0,143.0
12_10,2006,1,12,10,49.0,143.0
12_10,2007,2,12,10,49.0,143.0
12_10,2008,2,12,10,49.0,143.0
12_10,2013,2,12,10,49.0,143.0
12_10,2020,2,12,10,49.0,143.0
12_10,2022,2,12,10,49.0,143.0
12_10,2023,1,12,10,49.0,143.0
12_11,2001,2,12,11,49.0,145.0
12_11,2002,2,12,11,49.0,145.0
12_11,2004,1,12,11,49.0,145.0
12_11,2012,1,12,11,49.0,145.0
12_11,2016,1,12,11,49.0,145.0
12_11,2017,1,12,11,49.0,145.0
12_11,2021,1,12,11,49.0,145.0
12_11,2022,2,12,11,49.0,145.0
12_12,2000,7,12,12,49.0,147.0
12_12,2001,2,12,12,49.0,147.0
12_12,2002,5,12,12,49.0,147.0
12_12,2003,2,12,12,49.0,147.0
12_12,2004,2,12,12,49.0,147.0
12_12,2005,6,12,12,49.0,147.0
12_12,2006,4,12,12,49.0,147.0
12_12,2007,3,12,12,49.0,147.0
12_12,2008,3,12,12,49.0,147.0
12_12,2011,3,12,12,49.0,147.0
12_12,2012,4,12,12,49.0,147.0
12_12,2013,1,12,12,49.0,147.0
12_12,2014,2,12,12,49.0,147.0
12_12,2015,1,12,12,49.0,147.0
12_12,2016,1,12,12,49.0,147.0
12_12,2017,3,12,12,49.0,147.0
12_12,2018,3,12,12,49.0,147.0
12_12,2019,3,12,12,49.0,147.0
12_12,2020,1,12,12,49.0,147.0
12_12,2021,2,12,12,49.0,147.0
12_12,2022,2,12,12,49.0,147.0
12_12,2023,1,12,12,49.0,147.0
12_13,2000,1,12,13,49.0,149.0
12_13,2001,3,12,13,49.0,149.0
12_13,2003,2,12,13,49.0,149.0
12_13,2004,2,12,13,49.0,149.0
12_13,2005,2,12,13,49.0,149.0
12_13,2007,1,12,13,49.0,149.0
12_13,2010,3,12,13,49.0,149.0
12_13,2012,1,12,13,49.0,149.0
12_13,2013,1,12,13,49.0,149.0
12_13,2014,2,12,13,49.0,149.0
12_13,2015,2,12,13,49.0,149.0
12_13,2016,2,12,13,49.0,149.0
12_13,2017,3,12,13,49.0,149.0
12_13,2018,1,12,13,49.0,149.0
12_13,2019,1,12,13,49.0,149.0
12_13,2020,2,12,13,49.0,149.0
12_13,2021,1,12,13,49.0,149.0
12_13,2022,1,12,13,49.0,149.0
12_13,2023,1,12,13,49.0,149.0
12_14,2000,1,12,14,49.0,151.0
12_14,2001,1,12,14,49.0,151.0
12_14,2002,1,12,14,49.0,151.0
12_14,2003,3,12,14,49.0,151.0
12_14,2004,1,12,14,49.0,151.0
12_14,2006,1,12,14,49.0,151.0
12_14,2007,1,12,14,49.0,151.0
12_14,2008,2,12,14,49.0,151.0
12_14,2010,1,12,14,49.0,151.0
12_14,2011,1,12,14,49.0,151.0
12_14,2013,3,12,14,49.0,151.0
12_14,2014,5,12,14,49.0,151.0
12_14,2015,1,12,14,49.0,151.0
12_14,2016,1,12,14,49.0,151.0
12_14,2017,4,12,14,49.0,151.0
12_14,2018,5,12,14,49.0,151.0
12_14,2019,2,12,14,49.0,151.0
12_14,2020,3,12,14,49.0,151.0
12_14,2021,2,12,14,49.0,151.0
12_14,2022,1,12,14,49.0,151.0
12_14,2023,2,12,14,49.0,151.0
12_15,2000,3,12,15,49.0,153.0
12_15,2001,6,12,15,49.0,153.0
12_15,2002,8,12,15,49.0,153.0
12_15,2003,8,12,15,49.0,153.0
12_15,2004,9,12,15,49.0,153.0
12_15,2005,9,12,15,49.0,153.0
12_15,2006,11,12,15,49.0,153.0
12_15,2007,8,12,15,49.0,153.0
12_15,2008,8,12,15,49.0,153.0
12_15,2009,7,12,15,49.0,153.0
12_15,2010,3,12,15,49.0,153.0
12_15,2011,5,12,15,49.0,153.0
12_15,2012,4,12,15,49.0,153.0
12_15,2013,6,12,15,49.0,153.0
12_15,2014,13,12,15,49.0,153.0
12_15,2015,12,12,15,49.0,153.0
12_15,2016,6,12,15,49.0,153.0
12_15,2017,13,12,15,49.0,153.0
12_15,2018,11,12,15,49.0,153.0
12_15,2019,12,12,15,49.0,153.0
12_15,2020,12,12,15,49.0,153.0
12_15,2021,14,12,15,49.0,153.0
12_15,2022,6,12,15,49.0,153.0
12_15,2023,9,12,15,49.0,153.0
12_3,2000,1,12,3,49.0,129.0
12_3,2023,1,12,3,49.0,129.0
12_4,2005,1,12,4,49.0,131.0
12_4,2008,1,12,4,49.0,131.0
12_4,2012,1,12,4,49.0,131.0
12_5,2005,1,12,5,49.0,133.0
12_5,2007,1,12,5,49.0,133.0
12_8,2013,1,12,8,49.0,139.0
12_9,2004,1,12,9,49.0,141.0
12_9,2015,1,12,9,49.0,141.0
12_9,2020,1,12,9,49.0,141.0
1_0,2012,1,1,0,27.0,123.0
1_0,2023,1,1,0,27.0,123.0
1_1,2000,7,1,1,27.0,125.0
1_1,2001,2,1,1,27.0,125.0
1_1,2002,2,1,1,27.0,125.0
1_1,2003,10,1,1,27.0,125.0
1_1,2004,3,1,1,27.0,125.0
1_1,2005,10,1,1,27.0,125.0
1_1,2006,7,1,1,27.0,125.0
1_1,2007,4,1,1,27.0,125.0
1_1,2008,2,1,1,27.0,125.0
1_1,2009,2,1,1,27.0,125.0
1_1,2010,1,1,1,27.0,125.0
1_1,2011,2,1,1,27.0,125.0
1_1,2012,3,1,1,27.0,125.0
1_1,2013,2,1,1,27.0,125.0
1_1,2014,6,1,1,27.0,125.0
1_1,2015,5,1,1,27.0,125.0
1_1,2016,4,1,1,27.0,125.0
1_1,2017,3,1,1,27.0,125.0
1_1,2018,2,1,1,27.0,125.0
1_1,2019,1,1,1,27.0,125.0
1_1,2020,2,1,1,27.0,125.0
1_1,2021,4,1,1,27.0,125.0
1_1,2022,20,1,1,27.0,125.0
1_1,2023,5,1,1,27.0,125.0
1_10,2000,3,1,10,27.0,143.0
1_10,2001,6,1,10,27.0,143.0
1_10,2002,16,1,10,27.0,143.0
1_10,2003,5,1,10,27.0,143.0
1_10,2004,9,1,10,27.0,143.0
1_10,2005,14,1,10,27.0,143.0
1_10,2006,4,1,10,27.0,143.0
1_10,2007,8,1,10,27.0,143.0
1_10,2008,34,1,10,27.0,143.0
1_10,2009,9,1,10,27.0,143.0
1_10,2010,568,1,10,27.0,143.0
1_10,2011,280,1,10,27.0,143.0
1_10,2012,38,1,10,27.0,143.0
1_10,2013,16,1,10,27.0,143.0
1_10,2014,36,1,10,27.0,143.0
1_10,2015,38,1,10,27.0,143.0
1_10,2016,14,1,10,27.0,143.0
1_10,2017,9,1,10,27.0,143.0
1_10,2018,18,1,10,27.0,143.0
1_10,2019,15,1,10,27.0,143.0
1_10,2020,20,1,10,27.0,143.0
1_10,2021,8,1,10,27.0,143.0
1_10,2022,31,1,10,27.0,143.0
1_10,2023,24,1,10,27.0,143.0
1_11,2000,1,1,11,27.0,145.0
1_11,2005,3,1,11,27.0,145.0
1_11,2006,3,1,11,27.0,145.0
1_11,2007,1,1,11,27.0,145.0
1_11,2009,1,1,11,27.0,145.0
1_11,2010,28,1,11,27.0,145.0
1_11,2011,65,1,11,27.0,145.0
1_11,2012,3,1,11,27.0,145.0
1_11,2013,10,1,11,27.0,145.0
1_11,2014,5,1,11,27.0,145.0
1_11,2016,1,1,11,27.0,145.0
1_11,2017,1,1,11,27.0,145.0
1_11,2018,1,1,11,27.0,145.0
1_11,2021,1,1,11,27.0,145.0
1_11,2023,1,1,11,27.0,145.0
1_12,2005,1,1,12,27.0,147.0
1_2,2000,9,1,2,27.0,127.0
1_2,2001,13,1,2,27.0,127.0
1_2,2002,9,1,2,27.0,127.0
1_2,2003,9,1,2,27.0,127.0
1_2,2004,16,1,2,27.0,127.0
1_2,2005,5,1,2,27.0,127.0
1_2,2006,21,1,2,27.0,127.0
1_2,2007,21,1,2,27.0,127.0
1_2,2008,11,1,2,27.0,127.0
1_2,2009,9,1,2,27.0,127.0
1_2,2010,5,1,2,27.0,127.0
1_2,2011,8,1,2,27.0,127.0
1_2,2012,5,1,2,27.0,127.0
1_2,2013,8,1,2,27.0,127.0
1_2,2014,15,1,2,27.0,127.0
1_2,2015,7,1,2,27.0,127.0
1_2,2016,22,1,2,27.0,127.0
1_2,2017,14,1,2,27.0,127.0
1_2,2018,11,1,2,27.0,127.0
1_2,2019,10,1,2,27.0,127.0
1_2,2020,24,1,2,27.0,127.0
1_2,2021,16,1,2,27.0,127.0
1_2,2022,178,1,2,27.0,127.0
1_2,2023,11,1,2,27.0,127.0
1_3,2000,6,1,3,27.0,129.0
1_3,2001,13,1,3,27.0,129.0
1_3,2002,9,1,3,27.0,129.0
1_3,2003,8,1,3,27.0,129.0
1_3,2004,27,1,3,27.0,129.0
1_3,2005,31,1,3,27.0,129.0
1_3,2006,11,1,3,27.0,129.0
1_3,2007,20,1,3,27.0,129.0
1_3,2008,15,1,3,27.0,129.0
1_3,2009,16,1,3,27.0,129.0
1_3,2010,25,1,3,27.0,129.0
1_3,2011,19,1,3,27.0,129.0
1_3,2012,7,1,3,27.0,129.0
1_3,2013,24,1,3,27.0,129.0
1_3,2014,31,1,3,27.0,129.0
1_3,2015,11,1,3,27.0,129.0
1_3,2016,16,1,3,27.0,129.0
1_3,2017,13,1,3,27.0,129.0
1_3,2018,69,1,3,27.0,129.0
1_3,2019,57,1,3,27.0,129.0
1_3,2020,26,1,3,27.0,129.0
1_3,2021,27,1,3,27.0,129.0
1_3,2022,16,1,3,27.0,129.0
1_3,2023,28,1,3,27.0,129.0
1_4,2000,2,1,4,27.0,131.0
1_4,2001,4,1,4,27.0,131.0
1_4,2002,1,1,4,27.0,131.0
1_4,2003,9,1,4,27.0,131.0
1_4,2004,1,1,4,27.0,131.0
1_4,2006,1,1,4,27.0,131.0
1_4,2007,1,1,4,27.0,131.0
1_4,2008,3,1,4,27.0,131.0
1_4,2010,2,1,4,27.0,131.0
1_4,2012,2,1,4,27.0,131.0
1_4,2013,4,1,4,27.0,131.0
1_4,2014,5,1,4,27.0,131.0
1_4,2015,6,1,4,27.0,131.0
1_4,2016,19,1,4,27.0,131.0
1_4,2017,10,1,4,27.0,131.0
1_4,2018,2,1,4,27.0,131.0
1_4,2019,4,1,4,27.0,131.0
1_4,2020,5,1,4,27.0,131.0
1_4,2021,2,1,4,27.0,131.0
1_4,2022,3,1,4,27.0,131.0
1_4,2023,2,1,4,27.0,131.0
1_5,2020,1,1,5,27.0,133.0
1_7,2007,1,1,7,27.0,137.0
1_8,2000,7,1,8,27.0,139.0
1_8,2001,2,1,8,27.0,139.0
1_8,2002,7,1,8,27.0,139.0
1_8,2003,4,1,8,27.0,139.0
1_8,2004,6,1,8,27.0,139.0
1_8,2005,5,1,8,27.0,139.0
1_8,2006,5,1,8,27.0,139.0
1_8,2007,8,1,8,27.0,139.0
1_8,2008,6,1,8,27.0,139.0
1_8,2009,3,1,8,27.0,139.0
1_8,2010,2,1,8,27.0,139.0
1_8,2011,5,1,8,27.0,139.0
1_8,2012,3,1,8,27.0,139.0
1_8,2013,6,1,8,27.0,139.0
1_8,2014,6,1,8,27.0,139.0
1_8,2015,16,1,8,27.0,139.0
1_8,2016,2,1,8,27.0,139.0
1_8,2017,11,1,8,27.0,139.0
1_8,2018,7,1,8,27.0,139.0
1_8,2019,2,1,8,27.0,139.0
1_8,2020,2,1,8,27.0,139.0
1_8,2021,10,1,8,27.0,139.0
1_8,2022,4,1,8,27.0,139.0
1_8,2023,10,1,8,27.0,139.0
1_9,2000,9,1,9,27.0,141.0
1_9,2001,13,1,9,27.0,141.0
1_9,2002,11,1,9,27.0,141.0
1_9,2003,13,1,9,27.0,141.0
1_9,2004,17,1,9,27.0,141.0
1_9,2005,30,1,9,27.0,141.0
1_9,2006,17,1,9,27.0,141.0
1_9,2007,22,1,9,27.0,141.0
1_9,2008,16,1,9,27.0,141.0
1_9,2009,13,1,9,27.0,141.0
1_9,2010,11,1,9,27.0,141.0
1_9,2011,15,1,9,27.0,141.0
1_9,2012,12,1,9,27.0,141.0
1_9,2013,13,1,9,27.0,141.0
1_9,2014,21,1,9,27.0,141.0
1_9,2015,26,1,9,27.0,141.0
1_9,2016,25,1,9,27.0,141.0
1_9,2017,11,1,9,27.0,141.0
1_9,2018,21,1,9,27.0,141.0
1_9,2019,10,1,9,27.0,141.0
1_9,2020,29,1,9,27.0,141.0
1_9,2021,16,1,9,27.0,141.0
1_9,2022,23,1,9,27.0,141.0
1_9,2023,17,1,9,27.0,141.0
2_10,2000,14,2,10,29.0,143.0
2_10,2001,11,2,10,29.0,143.0
2_10,2002,23,2,10,29.0,143.0
2_10,2003,47,2,10,29.0,143.0
2_10,2004,26,2,10,29.0,143.0
2_10,2005,17,2,10,29.0,143.0
2_10,2006,11,2,10,29.0,143.0
2_10,2007,18,2,10,29.0,143.0
2_10,2008,34,2,10,29.0,143.0
2_10,2009,5,2,10,29.0,143.0
2_10,2010,20,2,10,29.0,143.0
2_10,2011,17,2,10,29.0,143.0
2_10,2012,24,2,10,29.0,143.0
2_10,2013,24,2,10,29.0,143.0
2_10,2014,30,2,10,29.0,143.0
2_10,2015,18,2,10,29.0,143.0
2_10,2016,21,2,10,29.0,143.0
2_10,2017,24,2,10,29.0,143.0
2_10,2018,25,2,10,29.0,143.0
2_10,2019,26,2,10,29.0,143.0
2_10,2020,24,2,10,29.0,143.0
2_10,2021,40,2,10,29.0,143.0
2_10,2022,35,2,10,29.0,143.0
2_10,2023,22,2,10,29.0,143.0
2_11,2016,1,2,11,29.0,145.0
2_2,2000,1,2,2,29.0,127.0
2_2,2001,3,2,2,29.0,127.0
2_2,2003,2,2,2,29.0,127.0
2_2,2004,8,2,2,29.0,127.0
2_2,2005,1,2,2,29.0,127.0
2_2,2006,2,2,2,29.0,127.0
2_2,2007,1,2,2,29.0,127.0
2_2,2008,2,2,2,29.0,127.0
2_2,2014,7,2,2,29.0,127.0
2_2,2015,1,2,2,29.0,127.0
2_2,2016,3,2,2,29.0,127.0
2_2,2017,2,2,2,29.0,127.0
2_2,2018,1,2,2,29.0,127.0
2_2,2021,4,2,2,29.0,127.0
2_2,2022,2,2,2,29.0,127.0
2_2,2023,1,2,2,29.0,127.0
2_3,2000,11,2,3,29.0,129.0
2_3,2001,15,2,3,29.0,129.0
2_3,2002,12,2,3,29.0,129.0
2_3,2003,16,2,3,29.0,129.0
2_3,2004,20,2,3,29.0,129.0
2_3,2005,7,2,3,29.0,129.0
2_3,2006,20,2,3,29.0,129.0
2_3,2007,11,2,3,29.0,129.0
2_3,2008,5,2,3,29.0,129.0
2_3,2009,5,2,3,29.0,129.0
2_3,2010,19,2,3,29.0,129.0
2_3,2011,15,2,3,29.0,129.0
2_3,2012,10,2,3,29.0,129.0
2_3,2013,10,2,3,29.0,129.0
2_3,2014,20,2,3,29.0,129.0
2_3,2015,7,2,3,29.0,129.0
2_3,2016,22,2,3,29.0,129.0
2_3,2017,23,2,3,29.0,129.0
2_3,2018,8,2,3,29.0,129.0
2_3,2019,11,2,3,29.0,129.0
2_3,2020,14,2,3,29.0,129.0
2_3,2021,37,2,3,29.0,129.0
2_3,2022,7,2,3,29.0,129.0
2_3,2023,33,2,3,29.0,129.0
2_4,2000,12,2,4,29.0,131.0
2_4,2001,13,2,4,29.0,131.0
2_4,2002,27,2,4,29.0,131.0
2_4,2003,28,2,4,29.0,131.0
2_4,2004,10,2,4,29.0,131.0
2_4,2005,34,2,4,29.0,131.0
2_4,2006,27,2,4,29.0,131.0
2_4,2007,18,2,4,29.0,131.0
2_4,2008,12,2,4,29.0,131.0
2_4,2009,16,2,4,29.0,131.0
2_4,2010,8,2,4,29.0,131.0
2_4,2011,16,2,4,29.0,131.0
2_4,2012,10,2,4,29.0,131.0
2_4,2013,9,2,4,29.0,131.0
2_4,2014,15,2,4,29.0,131.0
2_4,2015,26,2,4,29.0,131.0
2_4,2016,22,2,4,29.0,131.0
2_4,2017,7,2,4,29.0,131.0
2_4,2018,17,2,4,29.0,131.0
2_4,2019,19,2,4,29.0,131.0
2_4,2020,10,2,4,29.0,131.0
2_4,2021,7,2,4,29.0,131.0
2_4,2022,22,2,4,29.0,131.0
2_4,2023,21,2,4,29.0,131.0
2_5,2000,1,2,5,29.0,133.0
2_5,2001,1,2,5,29.0,133.0
2_5,2004,2,2,5,29.0,133.0
2_5,2005,6,2,5,29.0,133.0
2_5,2006,1,2,5,29.0,133.0
2_5,2007,1,2,5,29.0,133.0
2_5,2010,1,2,5,29.0,133.0
2_5,2012,1,2,5,29.0,133.0
2_5,2013,2,2,5,29.0,133.0
2_5,2019,1,2,5,29.0,133.0
2_5,2021,1,2,5,29.0,133.0
2_5,2022,2,2,5,29.0,133.0
2_5,2023,1,2,5,29.0,133.0
2_7,2002,1,2,7,29.0,137.0
2_7,2012,1,2,7,29.0,137.0
2_7,2021,1,2,7,29.0,137.0
2_8,2000,17,2,8,29.0,139.0
2_8,2001,13,2,8,29.0,139.0
2_8,2002,13,2,8,29.0,139.0
2_8,2003,20,2,8,29.0,139.0
2_8,2004,14,2,8,29.0,139.0
2_8,2005,15,2,8,29.0,139.0
2_8,2006,17,2,8,29.0,139.0
2_8,2007,19,2,8,29.0,139.0
2_8,2008,25,2,8,29.0,139.0
2_8,2009,2,2,8,29.0,139.0
2_8,2010,5,2,8,29.0,139.0
2_8,2011,5,2,8,29.0,139.0
2_8,2012,13,2,8,29.0,139.0
2_8,2013,13,2,8,29.0,139.0
2_8,2014,23,2,8,29.0,139.0
2_8,2015,20,2,8,29.0,139.0
2_8,2016,14,2,8,29.0,139.0
2_8,2017,16,2,8,29.0,139.0
2_8,2018,10,2,8,29.0,139.0
2_8,2019,18,2,8,29.0,139.0
2_8,2020,16,2,8,29.0,139.0
2_8,2021,13,2,8,29.0,139.0
2_8,2022,17,2,8,29.0,139.0
2_8,2023,70,2,8,29.0,139.0
2_9,2000,6,2,9,29.0,141.0
2_9,2001,4,2,9,29.0,141.0
2_9,2002,13,2,9,29.0,141.0
2_9,2003,11,2,9,29.0,141.0
2_9,2004,8,2,9,29.0,141.0
2_9,2005,6,2,9,29.0,141.0
2_9,2006,27,2,9,29.0,141.0
2_9,2007,18,2,9,29.0,141.0
2_9,2008,7,2,9,29.0,141.0
2_9,2009,6,2,9,29.0,141.0
2_9,2010,12,2,9,29.0,141.0
2_9,2011,9,2,9,29.0,141.0
2_9,2012,7,2,9,29.0,141.0
2_9,2013,10,2,9,29.0,141.0
2_9,2014,14,2,9,29.0,141.0
2_9,2015,10,2,9,29.0,141.0
2_9,2016,9,2,9,29.0,141.0
2_9,2017,18,2,9,29.0,141.0
2_9,2018,23,2,9,29.0,141.0
2_9,2019,13,2,9,29.0,141.0
2_9,2020,6,2,9,29.0,141.0
2_9,2021,22,2,9,29.0,141.0
2_9,2022,18,2,9,29.0,141.0
2_9,2023,81,2,9,29.0,141.0
3_0,2004,1,3,0,31.0,123.0
3_10,2000,3,3,10,31.0,143.0
3_10,2001,7,3,10,31.0,143.0
3_10,2002,18,3,10,31.0,143.0
3_10,2003,14,3,10,31.0,143.0
3_10,2004,12,3,10,31.0,143.0
3_10,2005,3,3,10,31.0,143.0
3_10,2006,10,3,10,31.0,143.0
3_10,2007,18,3,10,31.0,143.0
3_10,2008,10,3,10,31.0,143.0
3_10,2009,7,3,10,31.0,143.0
3_10,2010,20,3,10,31.0,143.0
3_10,2011,10,3,10,31.0,143.0
3_10,2012,8,3,10,31.0,143.0
3_10,2013,4,3,10,31.0,143.0
3_10,2014,22,3,10,31.0,143.0
3_10,2015,68,3,10,31.0,143.0
3_10,2016,17,3,10,31.0,143.0
3_10,2017,4,3,10,31.0,143.0
3_10,2018,4,3,10,31.0,143.0
3_10,2019,37,3,10,31.0,143.0
3_10,2020,5,3,10,31.0,143.0
3_10,2021,98,3,10,31.0,143.0
3_10,2022,22,3,10,31.0,143.0
3_10,2023,26,3,10,31.0,143.0
3_11,2005,1,3,11,31.0,145.0
3_11,2008,1,3,11,31.0,145.0
3_2,2013,1,3,2,31.0,127.0
3_2,2023,1,3,2,31.0,127.0
3_3,2000,1,3,3,31.0,129.0
3_3,2001,1,3,3,31.0,129.0
3_3,2002,1,3,3,31.0,129.0
3_3,2003,2,3,3,31.0,129.0
3_3,2004,5,3,3,31.0,129.0
3_3,2005,1,3,3,31.0,129.0
3_3,2008,3,3,3,31.0,129.0
3_3,2011,1,3,3,31.0,129.0
3_3,2013,1,3,3,31.0,129.0
3_3,2014,2,3,3,31.0,129.0
3_3,2015,29,3,3,31.0,129.0
3_3,2016,13,3,3,31.0,129.0
3_3,2017,1,3,3,31.0,129.0
3_3,2018,2,3,3,31.0,129.0
3_3,2019,1,3,3,31.0,129.0
3_3,2020,7,3,3,31.0,129.0
3_3,2022,1,3,3,31.0,129.0
3_3,2023,4,3,3,31.0,129.0
3_4,2000,22,3,4,31.0,131.0
3_4,2001,33,3,4,31.0,131.0
3_4,2002,15,3,4,31.0,131.0
3_4,2003,12,3,4,31.0,131.0
3_4,2004,16,3,4,31.0,131.0
3_4,2005,11,3,4,31.0,131.0
3_4,2006,15,3,4,31.0,131.0
3_4,2007,28,3,4,31.0,131.0
3_4,2008,11,3,4,31.0,131.0
3_4,2009,9,3,4,31.0,131.0
3_4,2010,8,3,4,31.0,131.0
3_4,2011,12,3,4,31.0,131.0
3_4,2012,16,3,4,31.0,131.0
3_4,2013,22,3,4,31.0,131.0
3_4,2014,23,3,4,31.0,131.0
3_4,2015,32,3,4,31.0,131.0
3_4,2016,15,3,4,31.0,131.0
3_4,2017,37,3,4,31.0,131.0
3_4,2018,27,3,4,31.0,131.0
3_4,2019,30,3,4,31.0,131.0
3_4,2020,17,3,4,31.0,131.0
3_4,2021,23,3,4,31.0,131.0
3_4,2022,31,3,4,31.0,131.0
3_4,2023,21,3,4,31.0,131.0
3_5,2000,3,3,5,31.0,133.0
3_5,2001,1,3,5,31.0,133.0
3_5,2002,3,3,5,31.0,133.0
3_5,2003,3,3,5,31.0,133.0
3_5,2004,4,3,5,31.0,133.0
3_5,2006,2,3,5,31.0,133.0
3_5,2007,1,3,5,31.0,133.0
3_5,2008,2,3,5,31.0,133.0
3_5,2010,1,3,5,31.0,133.0
3_5,2011,2,3,5,31.0,133.0
3_5,2012,1,3,5,31.0,133.0
3_5,2014,5,3,5,31.0,133.0
3_5,2015,3,3,5,31.0,133.0
3_5,2016,16,3,5,31.0,133.0
3_5,2017,8,3,5,31.0,133.0
3_5,2018,3,3,5,31.0,133.0
3_5,2019,3,3,5,31.0,133.0
3_5,2020,1,3,5,31.0,133.0
3_5,2022,2,3,5,31.0,133.0
3_5,2023,12,3,5,31.0,133.0
3_6,2004,1,3,6,31.0,135.0
3_6,2006,1,3,6,31.0,135.0
3_7,2000,5,3,7,31.0,137.0
3_7,2001,4,3,7,31.0,137.0
3_7,2002,1,3,7,31.0,137.0
3_7,2003,3,3,7,31.0,137.0
3_7,2004,5,3,7,31.0,137.0
3_7,2005,6,3,7,31.0,137.0
3_7,2006,1,3,7,31.0,137.0
3_7,2007,3,3,7,31.0,137.0
3_7,2008,5,3,7,31.0,137.0
3_7,2009,3,3,7,31.0,137.0
3_7,2010,2,3,7,31.0,137.0
3_7,2011,1,3,7,31.0,137.0
3_7,2012,2,3,7,31.0,137.0
3_7,2013,1,3,7,31.0,137.0
3_7,2014,3,3,7,31.0,137.0
3_7,2015,5,3,7,31.0,137.0
3_7,2016,2,3,7,31.0,137.0
3_7,2017,4,3,7,31.0,137.0
3_7,2018,3,3,7,31.0,137.0
3_7,2019,6,3,7,31.0,137.0
3_7,2020,3,3,7,31.0,137.0
3_7,2021,2,3,7,31.0,137.0
3_7,2022,5,3,7,31.0,137.0
3_7,2023,4,3,7,31.0,137.0
3_8,2000,13,3,8,31.0,139.0
3_8,2001,28,3,8,31.0,139.0
3_8,2002,9,3,8,31.0,139.0
3_8,2003,14,3,8,31.0,139.0
3_8,2004,13,3,8,31.0,139.0
3_8,2005,14,3,8,31.0,139.0
3_8,2006,18,3,8,31.0,139.0
3_8,2007,11,3,8,31.0,139.0
3_8,2008,6,3,8,31.0,139.0
3_8,2009,3,3,8,31.0,139.0
3_8,2010,1,3,8,31.0,139.0
3_8,2011,4,3,8,31.0,139.0
3_8,2012,8,3,8,31.0,139.0
3_8,2013,9,3,8,31.0,139.0
3_8,2014,15,3,8,31.0,139.0
3_8,2015,16,3,8,31.0,139.0
3_8,2016,14,3,8,31.0,139.0
3_8,2017,9,3,8,31.0,139.0
3_8,2018,7,3,8,31.0,139.0
3_8,2019,13,3,8,31.0,139.0
3_8,2020,12,3,8,31.0,139.0
3_8,2021,12,3,8,31.0,139.0
3_8,2022,16,3,8,31.0,139.0
3_8,2023,60,3,8,31.0,139.0
3_9,2000,19,3,9,31.0,141.0
3_9,2001,24,3,9,31.0,141.0
3_9,2002,52,3,9,31.0,141.0
3_9,2003,21,3,9,31.0,141.0
3_9,2004,17,3,9,31.0,141.0
3_9,2005,32,3,9,31.0,141.0
3_9,2006,14,3,9,31.0,141.0
3_9,2007,29,3,9,31.0,141.0
3_9,2008,21,3,9,31.0,141.0
3_9,2009,9,3,9,31.0,141.0
3_9,2010,21,3,9,31.0,141.0
3_9,2011,15,3,9,31.0,141.0
3_9,2012,18,3,9,31.0,141.0
3_9,2013,19,3,9,31.0,141.0
3_9,2014,35,3,9,31.0,141.0
3_9,2015,64,3,9,31.0,141.0
3_9,2016,21,3,9,31.0,141.0
3_9,2017,27,3,9,31.0,141.0
3_9,2018,15,3,9,31.0,141.0
3_9,2019,25,3,9,31.0,141.0
3_9,2020,45,3,9,31.0,141.0
3_9,2021,25,3,9,31.0,141.0
3_9,2022,17,3,9,31.0,141.0
3_9,2023,82,3,9,31.0,141.0
4_0,2004,1,4,0,33.0,123.0
4_0,2011,1,4,0,33.0,123.0
4_10,2000,3,4,10,33.0,143.0
4_10,2001,1,4,10,33.0,143.0
4_10,2002,4,4,10,33.0,143.0
4_10,2003,2,4,10,33.0,143.0
4_10,2004,7,4,10,33.0,143.0
4_10,2005,135,4,10,33.0,143.0
4_10,2006,5,4,10,33.0,143.0
4_10,2007,5,4,10,33.0,143.0
4_10,2008,4,4,10,33.0,143.0
4_10,2009,1,4,10,33.0,143.0
4_10,2010,37,4,10,33.0,143.0
4_10,2011,13,4,10,33.0,143.0
4_10,2012,5,4,10,33.0,143.0
4_10,2013,2,4,10,33.0,143.0
4_10,2014,2,4,10,33.0,143.0
4_10,2015,1,4,10,33.0,143.0
4_10,2016,3,4,10,33.0,143.0
4_10,2017,4,4,10,33.0,143.0
4_10,2018,4,4,10,33.0,143.0
4_10,2019,3,4,10,33.0,143.0
4_10,2020,4,4,10,33.0,143.0
4_10,2021,3,4,10,33.0,143.0
4_10,2022,141,4,10,33.0,143.0
4_10,2023,11,4,10,33.0,143.0
4_2,2021,1,4,2,33.0,127.0
4_3,2005,2,4,3,33.0,129.0
4_3,2006,1,4,3,33.0,129.0
4_3,2007,1,4,3,33.0,129.0
4_3,2009,3,4,3,33.0,129.0
4_3,2018,1,4,3,33.0,129.0
4_3,2019,2,4,3,33.0,129.0
4_4,2000,5,4,4,33.0,131.0
4_4,2001,5,4,4,33.0,131.0
4_4,2002,6,4,4,33.0,131.0
4_4,2003,7,4,4,33.0,131.0
4_4,2004,1,4,4,33.0,131.0
4_4,2005,20,4,4,33.0,131.0
4_4,2006,6,4,4,33.0,131.0
4_4,2007,13,4,4,33.0,131.0
4_4,2008,7,4,4,33.0,131.0
4_4,2009,8,4,4,33.0,131.0
4_4,2010,2,4,4,33.0,131.0
4_4,2011,3,4,4,33.0,131.0
4_4,2012,4,4,4,33.0,131.0
4_4,2013,1,4,4,33.0,131.0
4_4,2014,7,4,4,33.0,131.0
4_4,2015,7,4,4,33.0,131.0
4_4,2016,108,4,4,33.0,131.0
4_4,2017,8,4,4,33.0,131.0
4_4,2018,6,4,4,33.0,131.0
4_4,2019,4,4,4,33.0,131.0
4_4,2020,2,4,4,33.0,131.0
4_4,2021,3,4,4,33.0,131.0
4_4,2022,5,4,4,33.0,131.0
4_4,2023,1,4,4,33.0,131.0
4_5,2000,3,4,5,33.0,133.0
4_5,2001,3,4,5,33.0,133.0
4_5,2002,3,4,5,33.0,133.0
4_5,2003,1,4,5,33.0,133.0
4_5,2004,1,4,5,33.0,133.0
4_5,2005,1,4,5,33.0,133.0
4_5,2006,6,4,5,33.0,133.0
4_5,2007,3,4,5,33.0,133.0
4_5,2008,3,4,5,33.0,133.0
4_5,2009,2,4,5,33.0,133.0
4_5,2010,3,4,5,33.0,133.0
4_5,2011,1,4,5,33.0,133.0
4_5,2012,5,4,5,33.0,133.0
4_5,2014,4,4,5,33.0,133.0
4_5,2015,4,4,5,33.0,133.0
4_5,2017,5,4,5,33.0,133.0
4_5,2018,4,4,5,33.0,133.0
4_5,2019,7,4,5,33.0,133.0
4_5,2020,4,4,5,33.0,133.0
4_5,2021,5,4,5,33.0,133.0
4_5,2022,7,4,5,33.0,133.0
4_5,2023,5,4,5,33.0,133.0
4_6,2000,4,4,6,33.0,135.0
4_6,2001,3,4,6,33.0,135.0
4_6,2002,3,4,6,33.0,135.0
4_6,2003,2,4,6,33.0,135.0
4_6,2004,3,4,6,33.0,135.0
4_6,2005,3,4,6,33.0,135.0
4_6,2006,1,4,6,33.0,135.0
4_6,2007,2,4,6,33.0,135.0
4_6,2008,1,4,6,33.0,135.0
4_6,2009,2,4,6,33.0,135.0
4_6,2010,1,4,6,33.0,135.0
4_6,2011,8,4,6,33.0,135.0
4_6,2012,2,4,6,33.0,135.0
4_6,2013,3,4,6,33.0,135.0
4_6,2014,3,4,6,33.0,135.0
4_6,2015,3,4,6,33.0,135.0
4_6,2016,4,4,6,33.0,135.0
4_6,2017,4,4,6,33.0,135.0
4_6,2018,5,4,6,33.0,135.0
4_6,2019,4,4,6,33.0,135.0
4_6,2020,3,4,6,33.0,135.0
4_6,2021,6,4,6,33.0,135.0
4_6,2022,4,4,6,33.0,135.0
4_6,2023,4,4,6,33.0,135.0
4_7,2000,5,4,7,33.0,137.0
4_7,2001,12,4,7,33.0,137.0
4_7,2002,21,4,7,33.0,137.0
4_7,2003,24,4,7,33.0,137.0
4_7,2004,128,4,7,33.0,137.0
4_7,2005,21,4,7,33.0,137.0
4_7,2006,13,4,7,33.0,137.0
4_7,2007,11,4,7,33.0,137.0
4_7,2008,12,4,7,33.0,137.0
4_7,2009,6,4,7,33.0,137.0
4_7,2010,9,4,7,33.0,137.0
4_7,2011,4,4,7,33.0,137.0
4_7,2012,5,4,7,33.0,137.0
4_7,2013,6,4,7,33.0,137.0
4_7,2014,6,4,7,33.0,137.0
4_7,2015,7,4,7,33.0,137.0
4_7,2016,10,4,7,33.0,137.0
4_7,2017,10,4,7,33.0,137.0
4_7,2018,10,4,7,33.0,137.0
4_7,2019,13,4,7,33.0,137.0
4_7,2020,14,4,7,33.0,137.0
4_7,2021,10,4,7,33.0,137.0
4_7,2022,6,4,7,33.0,137.0
4_7,2023,13,4,7,33.0,137.0
4_8,2000,108,4,8,33.0,139.0
4_8,2001,30,4,8,33.0,139.0
4_8,2002,19,4,8,33.0,139.0
4_8,2003,4,4,8,33.0,139.0
4_8,2004,13,4,8,33.0,139.0
4_8,2005,6,4,8,33.0,139.0
4_8,2006,7,4,8,33.0,139.0
4_8,2007,6,4,8,33.0,139.0
4_8,2008,5,4,8,33.0,139.0
4_8,2009,5,4,8,33.0,139.0
4_8,2010,6,4,8,33.0,139.0
4_8,2011,5,4,8,33.0,139.0
4_8,2012,3,4,8,33.0,139.0
4_8,2013,15,4,8,33.0,139.0
4_8,2014,11,4,8,33.0,139.0
4_8,2015,22,4,8,33.0,139.0
4_8,2016,23,4,8,33.0,139.0
4_8,2017,9,4,8,33.0,139.0
4_8,2018,7,4,8,33.0,139.0
4_8,2019,7,4,8,33.0,139.0
4_8,2020,8,4,8,33.0,139.0
4_8,2021,23,4,8,33.0,139.0
4_8,2022,4,4,8,33.0,139.0
4_8,2023,33,4,8,33.0,139.0
4_9,2000,9,4,9,33.0,141.0
4_9,2001,12,4,9,33.0,141.0
4_9,2002,12,4,9,33.0,141.0
4_9,2003,11,4,9,33.0,141.0
4_9,2004,29,4,9,33.0,141.0
4_9,2005,62,4,9,33.0,141.0
4_9,2006,25,4,9,33.0,141.0
4_9,2007,11,4,9,33.0,141.0
4_9,2008,21,4,9,33.0,141.0
4_9,2009,20,4,9,33.0,141.0
4_9,2010,18,4,9,33.0,141.0
4_9,2011,19,4,9,33.0,141.0
4_9,2012,25,4,9,33.0,141.0
4_9,2013,23,4,9,33.0,141.0
4_9,2014,40,4,9,33.0,141.0
4_9,2015,20,4,9,33.0,141.0
4_9,2016,21,4,9,33.0,141.0
4_9,2017,31,4,9,33.0,141.0
4_9,2018,25,4,9,33.0,141.0
4_9,2019,24,4,9,33.0,141.0
4_9,2020,38,4,9,33.0,141.0
4_9,2021,36,4,9,33.0,141.0
4_9,2022,68,4,9,33.0,141.0
4_9,2023,28,4,9,33.0,141.0
5_0,2002,2,5,0,35.0,123.0
5_0,2015,1,5,0,35.0,123.0
5_0,2023,1,5,0,35.0,123.0
5_1,2003,1,5,1,35.0,125.0
5_1,2013,1,5,1,35.0,125.0
5_1,2021,2,5,1,35.0,125.0
5_10,2001,1,5,10,35.0,143.0
5_10,2002,2,5,10,35.0,143.0
5_10,2003,3,5,10,35.0,143.0
5_10,2005,14,5,10,35.0,143.0
5_10,2006,2,5,10,35.0,143.0
5_10,2007,2,5,10,35.0,143.0
5_10,2008,5,5,10,35.0,143.0
5_10,2009,8,5,10,35.0,143.0
5_10,2010,1,5,10,35.0,143.0
5_10,2011,109,5,10,35.0,143.0
5_10,2012,6,5,10,35.0,143.0
5_10,2013,6,5,10,35.0,143.0
5_10,2014,4,5,10,35.0,143.0
5_10,2015,4,5,10,35.0,143.0
5_10,2016,12,5,10,35.0,143.0
5_10,2017,5,5,10,35.0,143.0
5_10,2019,4,5,10,35.0,143.0
5_10,2020,1,5,10,35.0,143.0
5_10,2021,6,5,10,35.0,143.0
5_10,2022,3,5,10,35.0,143.0
5_10,2023,2,5,10,35.0,143.0
5_11,2006,1,5,11,35.0,145.0
5_11,2011,1,5,11,35.0,145.0
5_11,2016,1,5,11,35.0,145.0
5_11,2021,1,5,11,35.0,145.0
5_3,2005,1,5,3,35.0,129.0
5_3,2006,1,5,3,35.0,129.0
5_3,2016,4,5,3,35.0,129.0
5_4,2007,1,5,4,35.0,131.0
5_4,2018,1,5,4,35.0,131.0
5_4,2023,1,5,4,35.0,131.0
5_5,2000,6,5,5,35.0,133.0
5_5,2001,5,5,5,35.0,133.0
5_5,2002,2,5,5,35.0,133.0
5_5,2004,1,5,5,35.0,133.0
5_5,2005,2,5,5,35.0,133.0
5_5,2006,1,5,5,35.0,133.0
5_5,2007,1,5,5,35.0,133.0
5_5,2010,1,5,5,35.0,133.0
5_5,2011,3,5,5,35.0,133.0
5_5,2015,3,5,5,35.0,133.0
5_5,2016,6,5,5,35.0,133.0
5_5,2018,6,5,5,35.0,133.0
5_5,2021,2,5,5,35.0,133.0
5_6,2000,6,5,6,35.0,135.0
5_6,2001,12,5,6,35.0,135.0
5_6,2002,2,5,6,35.0,135.0
5_6,2003,7,5,6,35.0,135.0
5_6,2004,9,5,6,35.0,135.0
5_6,2005,1,5,6,35.0,135.0
5_6,2006,4,5,6,35.0,135.0
5_6,2007,7,5,6,35.0,135.0
5_6,2008,5,5,6,35.0,135.0
5_6,2010,2,5,6,35.0,135.0
5_6,2011,5,5,6,35.0,135.0
5_6,2012,1,5,6,35.0,135.0
5_6,2013,8,5,6,35.0,135.0
5_6,2014,8,5,6,35.0,135.0
5_6,2015,4,5,6,35.0,135.0
5_6,2016,2,5,6,35.0,135.0
5_6,2017,1,5,6,35.0,135.0
5_6,2018,3,5,6,35.0,135.0
5_6,2019,4,5,6,35.0,135.0
5_6,2020,1,5,6,35.0,135.0
5_6,2021,4,5,6,35.0,135.0
5_6,2022,8,5,6,35.0,135.0
5_6,2023,2,5,6,35.0,135.0
5_7,2000,10,5,7,35.0,137.0
5_7,2001,7,5,7,35.0,137.0
5_7,2002,7,5,7,35.0,137.0
5_7,2003,14,5,7,35.0,137.0
5_7,2004,9,5,7,35.0,137.0
5_7,2005,16,5,7,35.0,137.0
5_7,2006,13,5,7,35.0,137.0
5_7,2007,12,5,7,35.0,137.0
5_7,2008,8,5,7,35.0,137.0
5_7,2009,2,5,7,35.0,137.0
5_7,2011,5,5,7,35.0,137.0
5_7,2012,1,5,7,35.0,137.0
5_7,2013,7,5,7,35.0,137.0
5_7,2014,6,5,7,35.0,137.0
5_7,2015,7,5,7,35.0,137.0
5_7,2016,7,5,7,35.0,137.0
5_7,2017,9,5,7,35.0,137.0
5_7,2018,9,5,7,35.0,137.0
5_7,2019,6,5,7,35.0,137.0
5_7,2020,8,5,7,35.0,137.0
5_7,2021,6,5,7,35.0,137.0
5_7,2022,11,5,7,35.0,137.0
5_7,2023,7,5,7,35.0,137.0
5_8,2000,536,5,8,35.0,139.0
5_8,2001,16,5,8,35.0,139.0
5_8,2002,10,5,8,35.0,139.0
5_8,2003,15,5,8,35.0,139.0
5_8,2004,16,5,8,35.0,139.0
5_8,2005,16,5,8,35.0,139.0
5_8,2006,28,5,8,35.0,139.0
5_8,2007,17,5,8,35.0,139.0
5_8,2008,12,5,8,35.0,139.0
5_8,2009,10,5,8,35.0,139.0
5_8,2010,4,5,8,35.0,139.0
5_8,2011,16,5,8,35.0,139.0
5_8,2012,17,5,8,35.0,139.0
5_8,2013,9,5,8,35.0,139.0
5_8,2014,14,5,8,35.0,139.0
5_8,2015,19,5,8,35.0,139.0
5_8,2016,14,5,8,35.0,139.0
5_8,2017,11,5,8,35.0,139.0
5_8,2018,10,5,8,35.0,139.0
5_8,2019,12,5,8,35.0,139.0
5_8,2020,13,5,8,35.0,139.0
5_8,2021,12,5,8,35.0,139.0
5_8,2022,11,5,8,35.0,139.0
5_8,2023,11,5,8,35.0,139.0
5_9,2000,27,5,9,35.0,141.0
5_9,2001,20,5,9,35.0,141.0
5_9,2002,26,5,9,35.0,141.0
5_9,2003,21,5,9,35.0,141.0
5_9,2004,87,5,9,35.0,141.0
5_9,2005,74,5,9,35.0,141.0
5_9,2006,40,5,9,35.0,141.0
5_9,2007,65,5,9,35.0,141.0
5_9,2008,54,5,9,35.0,141.0
5_9,2009,29,5,9,35.0,141.0
5_9,2010,28,5,9,35.0,141.0
5_9,2011,439,5,9,35.0,141.0
5_9,2012,85,5,9,35.0,141.0
5_9,2013,67,5,9,35.0,141.0
5_9,2014,71,5,9,35.0,141.0
5_9,2015,55,5,9,35.0,141.0
5_9,2016,118,5,9,35.0,141.0
5_9,2017,43,5,9,35.0,141.0
5_9,2018,63,5,9,35.0,141.0
5_9,2019,48,5,9,35.0,141.0
5_9,2020,49,5,9,35.0,141.0
5_9,2021,49,5,9,35.0,141.0
5_9,2022,52,5,9,35.0,141.0
5_9,2023,65,5,9,35.0,141.0
6_0,2003,1,6,0,37.0,123.0
6_0,2009,1,6,0,37.0,123.0
6_1,2013,1,6,1,37.0,125.0
6_1,2014,1,6,1,37.0,125.0
6_10,2000,11,6,10,37.0,143.0
6_10,2001,11,6,10,37.0,143.0
6_10,2002,13,6,10,37.0,143.0
6_10,2003,41,6,10,37.0,143.0
6_10,2004,12,6,10,37.0,143.0
6_10,2005,15,6,10,37.0,143.0
6_10,2006,18,6,10,37.0,143.0
6_10,2007,14,6,10,37.0,143.0
6_10,2008,81,6,10,37.0,143.0
6_10,2009,20,6,10,37.0,143.0
6_10,2010,11,6,10,37.0,143.0
6_10,2011,1403,6,10,37.0,143.0
6_10,2012,214,6,10,37.0,143.0
6_10,2013,91,6,10,37.0,143.0
6_10,2014,96,6,10,37.0,143.0
6_10,2015,27,6,10,37.0,143.0
6_10,2016,29,6,10,37.0,143.0
6_10,2017,24,6,10,37.0,143.0
6_10,2018,15,6,10,37.0,143.0
6_10,2019,32,6,10,37.0,143.0
6_10,2020,22,6,10,37.0,143.0
6_10,2021,39,6,10,37.0,143.0
6_10,2022,41,6,10,37.0,143.0
6_10,2023,24,6,10,37.0,143.0
6_11,2000,1,6,11,37.0,145.0
6_11,2002,1,6,11,37.0,145.0
6_11,2005,3,6,11,37.0,145.0
6_11,2006,1,6,11,37.0,145.0
6_11,2008,1,6,11,37.0,145.0
6_11,2011,369,6,11,37.0,145.0
6_11,2012,38,6,11,37.0,145.0
6_11,2013,53,6,11,37.0,145.0
6_11,2014,27,6,11,37.0,145.0
6_11,2015,9,6,11,37.0,145.0
6_11,2016,5,6,11,37.0,145.0
6_11,2017,7,6,11,37.0,145.0
6_11,2018,5,6,11,37.0,145.0
6_11,2019,1,6,11,37.0,145.0
6_11,2020,6,6,11,37.0,145.0
6_11,2021,3,6,11,37.0,145.0
6_11,2022,9,6,11,37.0,145.0
6_11,2023,3,6,11,37.0,145.0
6_12,2011,1,6,12,37.0,147.0
6_12,2012,1,6,12,37.0,147.0
6_2,2015,1,6,2,37.0,127.0
6_3,2004,1,6,3,37.0,129.0
6_3,2007,1,6,3,37.0,129.0
6_3,2017,2,6,3,37.0,129.0
6_3,2018,1,6,3,37.0,129.0
6_3,2019,1,6,3,37.0,129.0
6_5,2006,1,6,5,37.0,133.0
6_5,2012,1,6,5,37.0,133.0
6_5,2023,1,6,5,37.0,133.0
6_6,2000,5,6,6,37.0,135.0
6_6,2001,6,6,6,37.0,135.0
6_6,2002,3,6,6,37.0,135.0
6_6,2003,4,6,6,37.0,135.0
6_6,2004,4,6,6,37.0,135.0
6_6,2005,12,6,6,37.0,135.0
6_6,2006,6,6,6,37.0,135.0
6_6,2007,8,6,6,37.0,135.0
6_6,2008,2,6,6,37.0,135.0
6_6,2010,1,6,6,37.0,135.0
6_6,2011,2,6,6,37.0,135.0
6_6,2012,3,6,6,37.0,135.0
6_6,2013,1,6,6,37.0,135.0
6_6,2014,1,6,6,37.0,135.0
6_6,2015,5,6,6,37.0,135.0
6_6,2016,2,6,6,37.0,135.0
6_6,2017,6,6,6,37.0,135.0
6_6,2018,4,6,6,37.0,135.0
6_6,2019,4,6,6,37.0,135.0
6_6,2020,2,6,6,37.0,135.0
6_6,2021,2,6,6,37.0,135.0
6_6,2023,3,6,6,37.0,135.0
6_7,2000,1,6,7,37.0,137.0
6_7,2001,2,6,7,37.0,137.0
6_7,2002,5,6,7,37.0,137.0
6_7,2003,9,6,7,37.0,137.0
6_7,2004,5,6,7,37.0,137.0
6_7,2005,7,6,7,37.0,137.0
6_7,2006,6,6,7,37.0,137.0
6_7,2007,37,6,7,37.0,137.0
6_7,2008,8,6,7,37.0,137.0
6_7,2010,1,6,7,37.0,137.0
6_7,2011,13,6,7,37.0,137.0
6_7,2012,3,6,7,37.0,137.0
6_7,2013,3,6,7,37.0,137.0
6_7,2014,12,6,7,37.0,137.0
6_7,2015,7,6,7,37.0,137.0
6_7,2016,5,6,7,37.0,137.0
6_7,2017,2,6,7,37.0,137.0
6_7,2018,3,6,7,37.0,137.0
6_7,2019,1,6,7,37.0,137.0
6_7,2020,18,6,7,37.0,137.0
6_7,2021,6,6,7,37.0,137.0
6_7,2022,17,6,7,37.0,137.0
6_7,2023,18,6,7,37.0,137.0
6_8,2000,11,6,8,37.0,139.0
6_8,2001,17,6,8,37.0,139.0
6_8,2002,7,6,8,37.0,139.0
6_8,2003,4,6,8,37.0,139.0
6_8,2004,93,6,8,37.0,139.0
6_8,2005,32,6,8,37.0,139.0
6_8,2006,8,6,8,37.0,139.0
6_8,2007,21,6,8,37.0,139.0
6_8,2008,12,6,8,37.0,139.0
6_8,2009,10,6,8,37.0,139.0
6_8,2010,12,6,8,37.0,139.0
6_8,2011,41,6,8,37.0,139.0
6_8,2012,21,6,8,37.0,139.0
6_8,2013,14,6,8,37.0,139.0
6_8,2014,23,6,8,37.0,139.0
6_8,2015,14,6,8,37.0,139.0
6_8,2016,19,6,8,37.0,139.0
6_8,2017,10,6,8,37.0,139.0
6_8,2018,10,6,8,37.0,139.0
6_8,2019,8,6,8,37.0,139.0
6_8,2020,9,6,8,37.0,139.0
6_8,2021,10,6,8,37.0,139.0
6_8,2022,13,6,8,37.0,139.0
6_8,2023,10,6,8,37.0,139.0
6_9,2000,30,6,9,37.0,141.0
6_9,2001,30,6,9,37.0,141.0
6_9,2002,32,6,9,37.0,141.0
6_9,2003,37,6,9,37.0,141.0
6_9,2004,51,6,9,37.0,141.0
6_9,2005,37,6,9,37.0,141.0
6_9,2006,49,6,9,37.0,141.0
6_9,2007,33,6,9,37.0,141.0
6_9,2008,137,6,9,37.0,141.0
6_9,2009,34,6,9,37.0,141.0
6_9,2010,40,6,9,37.0,141.0
6_9,2011,1021,6,9,37.0,141.0
6_9,2012,215,6,9,37.0,141.0
6_9,2013,116,6,9,37.0,141.0
6_9,2014,127,6,9,37.0,141.0
6_9,2015,70,6,9,37.0,141.0
6_9,2016,187,6,9,37.0,141.0
6_9,2017,101,6,9,37.0,141.0
6_9,2018,75,6,9,37.0,141.0
6_9,2019,51,6,9,37.0,141.0
6_9,2020,72,6,9,37.0,141.0
6_9,2021,139,6,9,37.0,141.0
6_9,2022,129,6,9,37.0,141.0
6_9,2023,69,6,9,37.0,141.0
7_0,2023,1,7,0,39.0,123.0
7_10,2000,10,7,10,39.0,143.0
7_10,2001,12,7,10,39.0,143.0
7_10,2002,13,7,10,39.0,143.0
7_10,2003,14,7,10,39.0,143.0
7_10,2004,16,7,10,39.0,143.0
7_10,2005,44,7,10,39.0,143.0
7_10,2006,26,7,10,39.0,143.0
7_10,2007,14,7,10,39.0,143.0
7_10,2008,37,7,10,39.0,143.0
7_10,2009,13,7,10,39.0,143.0
7_10,2010,17,7,10,39.0,143.0
7_10,2011,927,7,10,39.0,143.0
7_10,2012,185,7,10,39.0,143.0
7_10,2013,84,7,10,39.0,143.0
7_10,2014,85,7,10,39.0,143.0
7_10,2015,135,7,10,39.0,143.0
7_10,2016,49,7,10,39.0,143.0
7_10,2017,42,7,10,39.0,143.0
7_10,2018,30,7,10,39.0,143.0
7_10,2019,42,7,10,39.0,143.0
7_10,2020,41,7,10,39.0,143.0
7_10,2021,33,7,10,39.0,143.0
7_10,2022,43,7,10,39.0,143.0
7_10,2023,37,7,10,39.0,143.0
7_11,2000,3,7,11,39.0,145.0
7_11,2002,2,7,11,39.0,145.0
7_11,2003,3,7,11,39.0,145.0
7_11,2004,3,7,11,39.0,145.0
7_11,2005,11,7,11,39.0,145.0
7_11,2006,7,7,11,39.0,145.0
7_11,2007,1,7,11,39.0,145.0
7_11,2008,3,7,11,39.0,145.0
7_11,2009,1,7,11,39.0,145.0
7_11,2010,1,7,11,39.0,145.0
7_11,2011,265,7,11,39.0,145.0
7_11,2012,31,7,11,39.0,145.0
7_11,2013,13,7,11,39.0,145.0
7_11,2014,14,7,11,39.0,145.0
7_11,2015,14,7,11,39.0,145.0
7_11,2016,11,7,11,39.0,145.0
7_11,2017,6,7,11,39.0,145.0
7_11,2018,5,7,11,39.0,145.0
7_11,2019,8,7,11,39.0,145.0
7_11,2020,5,7,11,39.0,145.0
7_11,2021,7,7,11,39.0,145.0
7_11,2022,7,7,11,39.0,145.0
7_11,2023,6,7,11,39.0,145.0
7_12,2011,2,7,12,39.0,147.0
7_12,2016,1,7,12,39.0,147.0
7_4,2003,1,7,4,39.0,131.0
7_4,2017,1,7,4,39.0,131.0
7_5,2002,1,7,5,39.0,133.0
7_5,2003,1,7,5,39.0,133.0
7_5,2007,3,7,5,39.0,133.0
7_5,2008,1,7,5,39.0,133.0
7_5,2011,2,7,5,39.0,133.0
7_5,2014,1,7,5,39.0,133.0
7_5,2015,1,7,5,39.0,133.0
7_5,2017,2,7,5,39.0,133.0
7_5,2018,3,7,5,39.0,133.0
7_5,2019,1,7,5,39.0,133.0
7_5,2021,1,7,5,39.0,133.0
7_6,2002,1,7,6,39.0,135.0
7_6,2004,3,7,6,39.0,135.0
7_6,2006,1,7,6,39.0,135.0
7_6,2008,3,7,6,39.0,135.0
7_6,2012,1,7,6,39.0,135.0
7_6,2013,1,7,6,39.0,135.0
7_6,2015,3,7,6,39.0,135.0
7_6,2016,1,7,6,39.0,135.0
7_6,2017,1,7,6,39.0,135.0
7_6,2018,1,7,6,39.0,135.0
7_6,2019,2,7,6,39.0,135.0
7_6,2021,1,7,6,39.0,135.0
7_7,2003,1,7,7,39.0,137.0
7_7,2016,1,7,7,39.0,137.0
7_8,2002,2,7,8,39.0,139.0
7_8,2003,1,7,8,39.0,139.0
7_8,2004,7,7,8,39.0,139.0
7_8,2005,1,7,8,39.0,139.0
7_8,2006,3,7,8,39.0,139.0
7_8,2008,2,7,8,39.0,139.0
7_8,2009,2,7,8,39.0,139.0
7_8,2010,1,7,8,39.0,139.0
7_8,2011,5,7,8,39.0,139.0
7_8,2013,2,7,8,39.0,139.0
7_8,2014,2,7,8,39.0,139.0
7_8,2015,2,7,8,39.0,139.0
7_8,2019,6,7,8,39.0,139.0
7_8,2021,1,7,8,39.0,139.0
7_8,2022,1,7,8,39.0,139.0
7_8,2023,1,7,8,39.0,139.0
7_9,2000,9,7,9,39.0,141.0
7_9,2001,8,7,9,39.0,141.0
7_9,2002,11,7,9,39.0,141.0
7_9,2003,56,7,9,39.0,141.0
7_9,2004,19,7,9,39.0,141.0
7_9,2005,29,7,9,39.0,141.0
7_9,2006,10,7,9,39.0,141.0
7_9,2007,19,7,9,39.0,141.0
7_9,2008,123,7,9,39.0,141.0
7_9,2009,6,7,9,39.0,141.0
7_9,2010,14,7,9,39.0,141.0
7_9,2011,164,7,9,39.0,141.0
7_9,2012,49,7,9,39.0,141.0
7_9,2013,30,7,9,39.0,141.0
7_9,2014,39,7,9,39.0,141.0
7_9,2015,44,7,9,39.0,141.0
7_9,2016,26,7,9,39.0,141.0
7_9,2017,20,7,9,39.0,141.0
7_9,2018,35,7,9,39.0,141.0
7_9,2019,28,7,9,39.0,141.0
7_9,2020,18,7,9,39.0,141.0
7_9,2021,34,7,9,39.0,141.0
7_9,2022,28,7,9,39.0,141.0
7_9,2023,21,7,9,39.0,141.0
8_0,2000,2,8,0,41.0,123.0
8_0,2002,1,8,0,41.0,123.0
8_0,2008,2,8,0,41.0,123.0
8_0,2009,1,8,0,41.0,123.0
8_0,2012,3,8,0,41.0,123.0
8_0,2013,1,8,0,41.0,123.0
8_0,2015,1,8,0,41.0,123.0
8_0,2017,1,8,0,41.0,123.0
8_0,2022,1,8,0,41.0,123.0
8_10,2000,31,8,10,41.0,143.0
8_10,2001,11,8,10,41.0,143.0
8_10,2002,24,8,10,41.0,143.0
8_10,2003,45,8,10,41.0,143.0
8_10,2004,38,8,10,41.0,143.0
8_10,2005,33,8,10,41.0,143.0
8_10,2006,45,8,10,41.0,143.0
8_10,2007,33,8,10,41.0,143.0
8_10,2008,39,8,10,41.0,143.0
8_10,2009,23,8,10,41.0,143.0
8_10,2010,17,8,10,41.0,143.0
8_10,2011,116,8,10,41.0,143.0
8_10,2012,37,8,10,41.0,143.0
8_10,2013,33,8,10,41.0,143.0
8_10,2014,47,8,10,41.0,143.0
8_10,2015,44,8,10,41.0,143.0
8_10,2016,41,8,10,41.0,143.0
8_10,2017,47,8,10,41.0,143.0
8_10,2018,49,8,10,41.0,143.0
8_10,2019,37,8,10,41.0,143.0
8_10,2020,41,8,10,41.0,143.0
8_10,2021,54,8,10,41.0,143.0
8_10,2022,40,8,10,41.0,143.0
8_10,2023,49,8,10,41.0,143.0
8_11,2000,1,8,11,41.0,145.0
8_11,2001,3,8,11,41.0,145.0
8_11,2002,7,8,11,41.0,145.0
8_11,2003,75,8,11,41.0,145.0
8_11,2004,23,8,11,41.0,145.0
8_11,2006,5,8,11,41.0,145.0
8_11,2007,4,8,11,41.0,145.0
8_11,2008,22,8,11,41.0,145.0
8_11,2009,8,8,11,41.0,145.0
8_11,2010,4,8,11,41.0,145.0
8_11,2011,11,8,11,41.0,145.0
8_11,2012,59,8,11,41.0,145.0
8_11,2013,5,8,11,41.0,145.0
8_11,2014,6,8,11,41.0,145.0
8_11,2015,9,8,11,41.0,145.0
8_11,2016,6,8,11,41.0,145.0
8_11,2017,6,8,11,41.0,145.0
8_11,2018,5,8,11,41.0,145.0
8_11,2019,2,8,11,41.0,145.0
8_11,2020,5,8,11,41.0,145.0
8_11,2021,6,8,11,41.0,145.0
8_11,2022,13,8,11,41.0,145.0
8_11,2023,9,8,11,41.0,145.0
8_12,2006,1,8,12,41.0,147.0
8_12,2019,1,8,12,41.0,147.0
8_12,2020,1,8,12,41.0,147.0
8_13,2020,1,8,13,41.0,149.0
8_2,2004,1,8,2,41.0,127.0
8_3,2002,1,8,3,41.0,129.0
8_3,2006,1,8,3,41.0,129.0
8_3,2009,1,8,3,41.0,129.0
8_3,2013,1,8,3,41.0,129.0
8_3,2016,2,8,3,41.0,129.0
8_3,2017,2,8,3,41.0,129.0
8_4,2000,1,8,4,41.0,131.0
8_4,2002,1,8,4,41.0,131.0
8_4,2007,2,8,4,41.0,131.0
8_4,2008,1,8,4,41.0,131.0
8_4,2014,2,8,4,41.0,131.0
8_4,2017,1,8,4,41.0,131.0
8_4,2021,1,8,4,41.0,131.0
8_4,2022,1,8,4,41.0,131.0
8_4,2023,1,8,4,41.0,131.0
8_5,2000,1,8,5,41.0,133.0
8_5,2002,1,8,5,41.0,133.0
8_5,2004,1,8,5,41.0,133.0
8_5,2013,1,8,5,41.0,133.0
8_5,2016,1,8,5,41.0,133.0
8_5,2017,2,8,5,41.0,133.0
8_5,2018,1,8,5,41.0,133.0
8_5,2019,1,8,5,41.0,133.0
8_5,2021,2,8,5,41.0,133.0
8_6,2003,1,8,6,41.0,135.0
8_6,2004,1,8,6,41.0,135.0
8_6,2006,1,8,6,41.0,135.0
8_6,2010,2,8,6,41.0,135.0
8_6,2012,1,8,6,41.0,135.0
8_6,2015,1,8,6,41.0,135.0
8_6,2017,1,8,6,41.0,135.0
8_6,2018,1,8,6,41.0,135.0
8_6,2020,1,8,6,41.0,135.0
8_6,2023,1,8,6,41.0,135.0
8_7,2005,1,8,7,41.0,137.0
8_7,2013,1,8,7,41.0,137.0
8_7,2014,2,8,7,41.0,137.0
8_7,2017,1,8,7,41.0,137.0
8_7,2021,1,8,7,41.0,137.0
8_8,2000,6,8,8,41.0,139.0
8_8,2002,2,8,8,41.0,139.0
8_8,2003,3,8,8,41.0,139.0
8_8,2004,5,8,8,41.0,139.0
8_8,2005,9,8,8,41.0,139.0
8_8,2006,2,8,8,41.0,139.0
8_8,2007,7,8,8,41.0,139.0
8_8,2008,2,8,8,41.0,139.0
8_8,2009,2,8,8,41.0,139.0
8_8,2010,2,8,8,41.0,139.0
8_8,2011,3,8,8,41.0,139.0
8_8,2012,3,8,8,41.0,139.0
8_8,2013,2,8,8,41.0,139.0
8_8,2014,1,8,8,41.0,139.0
8_8,2017,1,8,8,41.0,139.0
8_8,2019,1,8,8,41.0,139.0
8_8,2020,2,8,8,41.0,139.0
8_8,2022,1,8,8,41.0,139.0
8_8,2023,3,8,8,41.0,139.0
8_9,2000,5,8,9,41.0,141.0
8_9,2001,7,8,9,41.0,141.0
8_9,2002,8,8,9,41.0,141.0
8_9,2003,10,8,9,41.0,141.0
8_9,2004,23,8,9,41.0,141.0
8_9,2005,6,8,9,41.0,141.0
8_9,2006,10,8,9,41.0,141.0
8_9,2007,10,8,9,41.0,141.0
8_9,2008,7,8,9,41.0,141.0
8_9,2009,7,8,9,41.0,141.0
8_9,2010,4,8,9,41.0,141.0
8_9,2011,10,8,9,41.0,141.0
8_9,2012,12,8,9,41.0,141.0
8_9,2013,6,8,9,41.0,141.0
8_9,2014,12,8,9,41.0,141.0
8_9,2015,17,8,9,41.0,141.0
8_9,2016,14,8,9,41.0,141.0
8_9,2017,11,8,9,41.0,141.0
8_9,2018,14,8,9,41.0,141.0
8_9,2019,12,8,9,41.0,141.0
8_9,2020,15,8,9,41.0,141.0
8_9,2021,14,8,9,41.0,141.0
8_9,2022,21,8,9,41.0,141.0
8_9,2023,14,8,9,41.0,141.0
9_0,2013,1,9,0,43.0,123.0
9_0,2018,1,9,0,43.0,123.0
9_1,2009,1,9,1,43.0,125.0
9_10,2000,15,9,10,43.0,143.0
9_10,2001,12,9,10,43.0,143.0
9_10,2002,15,9,10,43.0,143.0
9_10,2003,47,9,10,43.0,143.0
9_10,2004,32,9,10,43.0,143.0
9_10,2005,21,9,10,43.0,143.0
9_10,2006,25,9,10,43.0,143.0
9_10,2007,20,9,10,43.0,143.0
9_10,2008,18,9,10,43.0,143.0
9_10,2009,15,9,10,43.0,143.0
9_10,2010,13,9,10,43.0,143.0
9_10,2011,24,9,10,43.0,143.0
9_10,2012,19,9,10,43.0,143.0
9_10,2013,21,9,10,43.0,143.0
9_10,2014,17,9,10,43.0,143.0
9_10,2015,23,9,10,43.0,143.0
9_10,2016,23,9,10,43.0,143.0
9_10,2017,11,9,10,43.0,143.0
9_10,2018,39,9,10,43.0,143.0
9_10,2019,21,9,10,43.0,143.0
9_10,2020,20,9,10,43.0,143.0
9_10,2021,20,9,10,43.0,143.0
9_10,2022,19,9,10,43.0,143.0
9_10,2023,26,9,10,43.0,143.0
9_11,2000,19,9,11,43.0,145.0
9_11,2001,13,9,11,43.0,145.0
9_11,2002,15,9,11,43.0,145.0
9_11,2003,81,9,11,43.0,145.0
9_11,2004,84,9,11,43.0,145.0
9_11,2005,37,9,11,43.0,145.0
9_11,2006,27,9,11,43.0,145.0
9_11,2007,14,9,11,43.0,145.0
9_11,2008,24,9,11,43.0,145.0
9_11,2009,9,9,11,43.0,145.0
9_11,2010,14,9,11,43.0,145.0
9_11,2011,12,9,11,43.0,145.0
9_11,2012,10,9,11,43.0,145.0
9_11,2013,13,9,11,43.0,145.0
9_11,2014,21,9,11,43.0,145.0
9_11,2015,24,9,11,43.0,145.0
9_11,2016,15,9,11,43.0,145.0
9_11,2017,14,9,11,43.0,145.0
9_11,2018,21,9,11,43.0,145.0
9_11,2019,16,9,11,43.0,145.0
9_11,2020,29,9,11,43.0,145.0
9_11,2021,27,9,11,43.0,145.0
9_11,2022,26,9,11,43.0,145.0
9_11,2023,21,9,11,43.0,145.0
9_12,2000,26,9,12,43.0,147.0
9_12,2001,30,9,12,43.0,147.0
9_12,2002,27,9,12,43.0,147.0
9_12,2003,21,9,12,43.0,147.0
9_12,2004,26,9,12,43.0,147.0
9_12,2005,32,9,12,43.0,147.0
9_12,2006,25,9,12,43.0,147.0
9_12,2007,30,9,12,43.0,147.0
9_12,2008,28,9,12,43.0,147.0
9_12,2009,16,9,12,43.0,147.0
9_12,2010,16,9,12,43.0,147.0
9_12,2011,18,9,12,43.0,147.0
9_12,2012,10,9,12,43.0,147.0
9_12,2013,13,9,12,43.0,147.0
9_12,2014,23,9,12,43.0,147.0
9_12,2015,26,9,12,43.0,147.0
9_12,2016,18,9,12,43.0,147.0
9_12,2017,14,9,12,43.0,147.0
9_12,2018,22,9,12,43.0,147.0
9_12,2019,42,9,12,43.0,147.0
9_12,2020,14,9,12,43.0,147.0
9_12,2021,24,9,12,43.0,147.0
9_12,2022,21,9,12,43.0,147.0
9_12,2023,18,9,12,43.0,147.0
9_13,2000,3,9,13,43.0,149.0
9_13,2001,5,9,13,43.0,149.0
9_13,2002,3,9,13,43.0,149.0
9_13,2003,6,9,13,43.0,149.0
9_13,2005,5,9,13,43.0,149.0
9_13,2006,5,9,13,43.0,149.0
9_13,2007,8,9,13,43.0,149.0
9_13,2008,4,9,13,43.0,149.0
9_13,2009,1,9,13,43.0,149.0
9_13,2010,3,9,13,43.0,149.0
9_13,2011,1,9,13,43.0,149.0
9_13,2012,3,9,13,43.0,149.0
9_13,2013,10,9,13,43.0,149.0
9_13,2014,5,9,13,43.0,149.0
9_13,2015,7,9,13,43.0,149.0
9_13,2016,13,9,13,43.0,149.0
9_13,2017,5,9,13,43.0,149.0
9_13,2018,9,9,13,43.0,149.0
9_13,2019,8,9,13,43.0,149.0
9_13,2020,2,9,13,43.0,149.0
9_13,2021,3,9,13,43.0,149.0
9_13,2022,21,9,13,43.0,149.0
9_13,2023,5,9,13,43.0,149.0
9_14,2001,2,9,14,43.0,151.0
9_14,2004,6,9,14,43.0,151.0
9_14,2006,3,9,14,43.0,151.0
9_14,2007,1,9,14,43.0,151.0
9_14,2008,3,9,14,43.0,151.0
9_14,2010,1,9,14,43.0,151.0
9_14,2013,1,9,14,43.0,151.0
9_14,2016,2,9,14,43.0,151.0
9_14,2017,1,9,14,43.0,151.0
9_14,2018,2,9,14,43.0,151.0
9_2,2023,1,9,2,43.0,127.0
9_4,2000,1,9,4,43.0,131.0
9_4,2002,2,9,4,43.0,131.0
9_4,2004,1,9,4,43.0,131.0
9_4,2006,1,9,4,43.0,131.0
9_4,2007,2,9,4,43.0,131.0
9_4,2008,1,9,4,43.0,131.0
9_4,2009,4,9,4,43.0,131.0
9_4,2010,3,9,4,43.0,131.0
9_4,2011,2,9,4,43.0,131.0
9_4,2013,3,9,4,43.0,131.0
9_4,2015,1,9,4,43.0,131.0
9_4,2017,1,9,4,43.0,131.0
9_4,2019,2,9,4,43.0,131.0
9_4,2020,1,9,4,43.0,131.0
9_4,2022,1,9,4,43.0,131.0
9_4,2023,1,9,4,43.0,131.0
9_5,2000,1,9,5,43.0,133.0
9_5,2001,1,9,5,43.0,133.0
9_5,2003,1,9,5,43.0,133.0
9_5,2004,1,9,5,43.0,133.0
9_5,2005,1,9,5,43.0,133.0
9_5,2007,3,9,5,43.0,133.0
9_5,2008,3,9,5,43.0,133.0
9_5,2009,2,9,5,43.0,133.0
9_5,2013,1,9,5,43.0,133.0
9_5,2014,1,9,5,43.0,133.0
9_5,2018,1,9,5,43.0,133.0
9_5,2019,1,9,5,43.0,133.0
9_5,2021,1,9,5,43.0,133.0
9_5,2023,1,9,5,43.0,133.0
9_6,2000,2,9,6,43.0,135.0
9_6,2003,3,9,6,43.0,135.0
9_6,2004,1,9,6,43.0,135.0
9_6,2005,2,9,6,43.0,135.0
9_6,2006,1,9,6,43.0,135.0
9_6,2007,1,9,6,43.0,135.0
9_6,2009,4,9,6,43.0,135.0
9_6,2013,2,9,6,43.0,135.0
9_6,2015,2,9,6,43.0,135.0
9_6,2020,1,9,6,43.0,135.0
9_6,2022,1,9,6,43.0,135.0
9_7,2001,2,9,7,43.0,137.0
9_7,2003,1,9,7,43.0,137.0
9_7,2004,1,9,7,43.0,137.0
9_7,2005,1,9,7,43.0,137.0
9_7,2006,2,9,7,43.0,137.0
9_7,2007,2,9,7,43.0,137.0
9_7,2008,1,9,7,43.0,137.0
9_7,2010,1,9,7,43.0,137.0
9_7,2013,1,9,7,43.0,137.0
9_7,2014,1,9,7,43.0,137.0
9_7,2015,1,9,7,43.0,137.0
9_7,2016,1,9,7,43.0,137.0
9_7,2019,4,9,7,43.0,137.0
9_7,2020,1,9,7,43.0,137.0
9_8,2000,3,9,8,43.0,139.0
9_8,2001,2,9,8,43.0,139.0
9_8,2002,3,9,8,43.0,139.0
9_8,2003,5,9,8,43.0,139.0
9_8,2004,2,9,8,43.0,139.0
9_8,2005,5,9,8,43.0,139.0
9_8,2006,5,9,8,43.0,139.0
9_8,2007,1,9,8,43.0,139.0
9_8,2010,3,9,8,43.0,139.0
9_8,2011,4,9,8,43.0,139.0
9_8,2012,1,9,8,43.0,139.0
9_8,2013,5,9,8,43.0,139.0
9_8,2014,7,9,8,43.0,139.0
9_8,2015,1,9,8,43.0,139.0
9_8,2016,6,9,8,43.0,139.0
9_8,2017,4,9,8,43.0,139.0
9_8,2018,8,9,8,43.0,139.0
9_8,2019,2,9,8,43.0,139.0
9_8,2020,5,9,8,43.0,139.0
9_8,2021,4,9,8,43.0,139.0
9_8,2022,4,9,8,43.0,139.0
9_8,2023,3,9,8,43.0,139.0
9_9,2000,19,9,9,43.0,141.0
9_9,2001,3,9,9,43.0,141.0
9_9,2002,4,9,9,43.0,141.0
9_9,2003,6,9,9,43.0,141.0
9_9,2004,4,9,9,43.0,141.0
9_9,2005,5,9,9,43.0,141.0
9_9,2006,5,9,9,43.0,141.0
9_9,2007,6,9,9,43.0,141.0
9_9,2008,6,9,9,43.0,141.0
9_9,2009,4,9,9,43.0,141.0
9_9,2010,6,9,9,43.0,141.0
9_9,2011,1,9,9,43.0,141.0
9_9,2012,5,9,9,43.0,141.0
9_9,2013,2,9,9,43.0,141.0
9_9,2014,3,9,9,43.0,141.0
9_9,2015,6,9,9,43.0,141.0
9_9,2016,9,9,9,43.0,141.0
9_9,2017,11,9,9,43.0,141.0
9_9,2018,41,9,9,43.0,141.0
9_9,2019,12,9,9,43.0,141.0
9_9,2020,7,9,9,43.0,141.0
9_9,2021,10,9,9,43.0,141.0
9_9,2022,10,9,9,43.0,141.0
9_9,2023,10,9,9,43.0,141.0
